addressId,address
1,21 Killdeer Place
2,4530 Hanson Alley
3,9 Helena Point
4,12753 Bellgrove Road
5,13 North Parkway
6,9 Eagle Crest Drive
7,8 Maryland Pass
8,49887 Johnson Circle
9,016 Artisan Point
10,15112 Portage Pass
11,1338 Moland Court
12,19345 Pearson Circle
13,74513 Lighthouse Bay Crossing
14,481 Farragut Parkway
15,47 Pine View Hill
16,996 Debra Court
17,119 Mcguire Drive
18,0 Twin Pines Parkway
19,9031 Schlimgen Plaza
20,38 American Ash Court
21,0 3rd Lane
22,5 Amoth Terrace
23,8650 Glacier Hill Parkway
24,99662 Fulton Drive
25,330 Buhler Trail
26,96 Pawling Road
27,9 Vera Circle
28,3 Messerschmidt Street
29,65 Doe Crossing Plaza
30,8 High Crossing Drive
31,36072 Anhalt Lane
32,4731 Bay Alley
33,3410 Jana Circle
34,7557 Wayridge Plaza
35,33660 Crownhardt Drive
36,1 Oriole Trail
37,1461 Kings Center
38,6 Eagan Way
39,564 Bartillon Crossing
40,46 Cottonwood Pass
41,7 Parkside Center
42,3996 Eliot Street
43,81041 8th Park
44,11 Elka Road
45,06121 American Hill
46,9 Coolidge Trail
47,9 Carberry Place
48,87590 1st Way
49,4752 Farragut Center
50,94 Golf Circle
51,467 Maryland Court
52,287 American Ash Terrace
53,80047 Russell Lane
54,288 Blue Bill Park Way
55,5735 Little Fleur Lane
56,20 Schmedeman Trail
57,52 Claremont Place
58,414 Meadow Ridge Crossing
59,62524 Melvin Place
60,47776 8th Plaza
61,54 Merry Junction
62,6 Clyde Gallagher Pass
63,62 Bunting Street
64,51 American Crossing
65,6 Raven Avenue
66,3027 Bashford Crossing
67,05 Riverside Circle
68,754 Sauthoff Parkway
69,92 Killdeer Terrace
70,5 Sutteridge Circle
71,3 Waxwing Trail
72,7 Melvin Alley
73,700 Main Parkway
74,3 Ruskin Park
75,03 Kensington Lane
76,76703 2nd Drive
77,878 Eliot Trail
78,312 8th Place
79,559 Susan Plaza
80,871 High Crossing Hill
81,787 Mayer Point
82,34074 Hayes Lane
83,75 Transport Alley
84,308 East Drive
85,3 Roth Crossing
86,58 Forest Run Drive
87,3 Rigney Crossing
88,36 Talisman Center
89,56395 Sheridan Road
90,4386 Hoepker Center
91,75314 Welch Avenue
92,25619 Susan Park
93,5155 Thackeray Parkway
94,58409 Laurel Point
95,02 Glacier Hill Road
96,586 Bunting Center
97,34 American Center
98,3 Shelley Terrace
99,82337 Evergreen Junction
100,56 Reindahl Park
101,6 Dawn Hill
102,363 Oriole Court
103,823 Surrey Place
104,457 Washington Street
105,4 Coolidge Place
106,1116 Lukken Circle
107,11 Knutson Alley
108,31 Comanche Hill
109,9 Heath Drive
110,2177 Burrows Parkway
111,13381 Coleman Circle
112,92287 Montana Center
113,6 Superior Park
114,511 Little Fleur Hill
115,29 Blackbird Crossing
116,2630 Melby Terrace
117,8 Judy Hill
118,62154 Meadow Valley Plaza
119,8770 Spenser Pass
120,3422 Donald Drive
121,4 Warrior Hill
122,18 Del Mar Parkway
123,37094 Main Place
124,8260 Kenwood Hill
125,158 Elgar Alley
126,57 Bay Plaza
127,70 Hagan Parkway
128,3559 Summit Parkway
129,27 Farmco Street
130,660 Grim Park
131,910 Shelley Way
132,59 Duke Trail
133,0 Miller Crossing
134,8377 Dovetail Pass
135,570 Ilene Way
136,0 Duke Place
137,64 John Wall Alley
138,00 Johnson Center
139,4865 Dahle Pass
140,854 2nd Parkway
141,405 Arrowood Pass
142,5787 Banding Center
143,27 Tony Place
144,74 Mallard Pass
145,2003 Red Cloud Court
146,7052 Loeprich Junction
147,8 Lighthouse Bay Street
148,1 Coleman Crossing
149,8 Bonner Pass
150,1951 Jay Junction
151,93 Old Shore Park
152,1257 Menomonie Terrace
153,10817 Buell Circle
154,69456 Claremont Plaza
155,52140 Hansons Way
156,905 4th Trail
157,76 Hoffman Lane
158,1198 Kinsman Lane
159,33 Ramsey Street
160,2 Stoughton Pass
161,3310 Mesta Road
162,1 Goodland Road
163,160 Havey Way
164,69 Artisan Pass
165,50 Red Cloud Hill
166,86 Mariners Cove Crossing
167,5675 Center Crossing
168,7 Michigan Junction
169,6 Hudson Place
170,7 Anniversary Road
171,525 Muir Court
172,17 Fieldstone Circle
173,42 Meadow Valley Drive
174,481 Laurel Circle
175,0 Lakeland Terrace
176,5392 Emmet Place
177,9 6th Lane
178,06 Lunder Park
179,0449 Dennis Drive
180,90 Huxley Drive
181,819 Fair Oaks Place
182,171 Donald Way
183,518 Butternut Center
184,6570 Schiller Lane
185,72 Monument Point
186,5 5th Road
187,99 Aberg Center
188,5530 Lukken Trail
189,0123 Columbus Circle
190,6548 Melvin Terrace
191,71162 Scofield Parkway
192,7 Montana Trail
193,7 Mitchell Terrace
194,9389 Nelson Trail
195,5 Lighthouse Bay Hill
196,02385 Schurz Way
197,9830 American Ash Avenue
198,05 Glacier Hill Lane
199,30 Moose Avenue
200,7 Delladonna Terrace
201,2041 Hanson Court
202,592 Brown Parkway
203,9912 Fallview Parkway
204,5779 Cordelia Lane
205,62346 Fulton Parkway
206,30 Warbler Point
207,2 Park Meadow Place
208,2 Donald Junction
209,247 Morning Hill
210,325 Namekagon Park
211,18 Schlimgen Crossing
212,54 Bobwhite Crossing
213,1 Birchwood Junction
214,2 4th Terrace
215,69978 Mariners Cove Lane
216,4 Blue Bill Park Place
217,15704 Corben Terrace
218,21533 Loftsgordon Drive
219,94901 Paget Center
220,82 Lake View Road
221,21 Roxbury Crossing
222,4 East Park
223,0 Scoville Circle
224,988 Jay Lane
225,0463 Melrose Place
226,521 Buhler Road
227,56657 Mcbride Terrace
228,83 Arrowood Avenue
229,37676 Muir Road
230,1 Mallard Parkway
231,3382 Graedel Road
232,23 Onsgard Circle
233,878 Crowley Crossing
234,87 Glendale Plaza
235,912 Old Shore Hill
236,18712 Randy Drive
237,105 Pond Center
238,03 Tomscot Alley
239,68 Russell Lane
240,743 Mccormick Crossing
241,346 Buhler Terrace
242,1 Marquette Trail
243,613 Helena Trail
244,502 Hollow Ridge Point
245,10 Swallow Parkway
246,8 Anzinger Court
247,7838 Daystar Terrace
248,52560 Briar Crest Crossing
249,2360 Monument Junction
250,4 Pierstorff Plaza
251,20 Bunting Alley
252,42952 Karstens Circle
253,45001 Welch Junction
254,954 Delaware Center
255,6946 Bellgrove Hill
256,124 Hoffman Crossing
257,689 Elka Center
258,36358 Oakridge Street
259,7105 Nevada Trail
260,04242 Alpine Street
261,58 Canary Avenue
262,9167 Hansons Circle
263,35 Havey Court
264,73 Melrose Circle
265,72537 Tennyson Drive
266,27420 Onsgard Avenue
267,29 Rowland Drive
268,67265 Superior Trail
269,2 Pearson Street
270,23056 Village Green Hill
271,7994 Quincy Road
272,35 Karstens Pass
273,5 Muir Crossing
274,42506 Fremont Junction
275,4698 Upham Trail
276,2 Green Ridge Lane
277,46 Milwaukee Way
278,2 Reinke Alley
279,10564 Darwin Circle
280,30 Declaration Way
281,536 Michigan Lane
282,21268 Mandrake Trail
283,7 Holmberg Junction
284,90 Londonderry Plaza
285,35 Sutteridge Way
286,754 Ryan Trail
287,391 Drewry Terrace
288,6628 Hovde Road
289,34977 Carioca Pass
290,78648 Eastwood Circle
291,2877 Oriole Crossing
292,38211 Cottonwood Parkway
293,12 Lyons Circle
294,75411 Mockingbird Lane
295,541 Vera Circle
296,39166 Buhler Plaza
297,5 Ruskin Trail
298,050 Fairfield Alley
299,1188 Portage Pass
300,1379 Dryden Parkway
301,966 Nova Lane
302,74 Hoepker Drive
303,98048 Becker Crossing
304,71 4th Point
305,2389 Muir Point
306,03 Loftsgordon Trail
307,4597 Calypso Parkway
308,4647 Raven Pass
309,570 Donald Parkway
310,55220 South Junction
311,99 Lawn Center
312,99815 Banding Pass
313,10572 Basil Plaza
314,7607 Mcbride Center
315,43 Northland Alley
316,974 Union Crossing
317,47 Del Mar Way
318,97759 Merry Parkway
319,67395 Forest Trail
320,724 Esker Plaza
321,8840 Fisk Alley
322,7 Charing Cross Place
323,772 Linden Lane
324,3 Mallard Terrace
325,25353 Nova Drive
326,9720 Bowman Street
327,50 Meadow Vale Drive
328,1 Forest Run Circle
329,8769 Pierstorff Way
330,225 Cherokee Court
331,9688 Cherokee Place
332,071 Graceland Junction
333,06598 Swallow Crossing
334,7 Novick Place
335,5878 Jay Crossing
336,84764 Kensington Parkway
337,278 Division Court
338,73772 Bayside Way
339,11 Pleasure Center
340,269 Kings Circle
341,16 Lunder Park
342,580 Debra Point
343,58912 Hoffman Crossing
344,17903 Toban Trail
345,7747 Washington Court
346,348 Continental Circle
347,93414 Larry Center
348,7787 Kingsford Crossing
349,2 Rutledge Parkway
350,86 Heath Hill
351,28157 Pierstorff Parkway
352,54 Stone Corner Lane
353,05 Sherman Street
354,49 Carioca Center
355,09 Hoepker Park
356,4 Warrior Place
357,4 Dunning Junction
358,84 Menomonie Trail
359,20569 Briar Crest Street
360,77905 Paget Place
361,85248 Browning Parkway
362,9667 6th Place
363,0498 Farragut Alley
364,09856 Tony Road
365,10 6th Center
366,75657 Heffernan Court
367,2999 Pankratz Court
368,19 Hintze Circle
369,157 Waywood Pass
370,20017 Chive Lane
371,3459 Hintze Place
372,544 Buena Vista Street
373,8 Stang Way
374,4 Rowland Park
375,9 Packers Plaza
376,034 Mendota Terrace
377,2 South Hill
378,4 Barby Alley
379,06792 Brown Terrace
380,32 Hovde Lane
381,9320 Nevada Road
382,63135 Carioca Terrace
383,46401 Barby Circle
384,702 Rowland Avenue
385,96 Graceland Junction
386,65000 Westerfield Avenue
387,46 Mallard Place
388,25 Harbort Hill
389,0169 Ridge Oak Drive
390,796 Corscot Point
391,83211 Butterfield Street
392,379 Scofield Way
393,9816 Cascade Parkway
394,30671 Morningstar Alley
395,5609 Veith Terrace
396,1490 Bowman Drive
397,87834 Columbus Alley
398,73 Merrick Junction
399,7 Talmadge Avenue
400,12004 Susan Way
401,629 Mesta Hill
402,6 Arrowood Lane
403,4247 Crescent Oaks Plaza
404,803 David Crossing
405,0 Jackson Center
406,4 Kensington Center
407,98811 Everett Circle
408,6660 Center Point
409,50 Forest Run Court
410,958 Mockingbird Park
411,824 Stang Terrace
412,76526 Nancy Street
413,55 Portage Circle
414,14 Badeau Road
415,8 Autumn Leaf Lane
416,0790 2nd Park
417,4 Stephen Plaza
418,773 Thackeray Terrace
419,7250 Vernon Parkway
420,192 Trailsway Pass
421,4 Quincy Plaza
422,06 Blue Bill Park Pass
423,9 Kinsman Trail
424,41765 Crowley Park
425,5546 Welch Terrace
426,49281 Crowley Circle
427,7 6th Plaza
428,9 Ridge Oak Trail
429,9 Blue Bill Park Point
430,81582 Mcbride Crossing
431,158 Reindahl Alley
432,607 Kensington Park
433,89494 Hoard Court
434,78332 Maryland Road
435,7042 Loftsgordon Park
436,6 Oak Valley Road
437,318 Amoth Alley
438,3784 Artisan Plaza
439,540 Grasskamp Court
440,86183 Old Gate Avenue
441,27548 Arrowood Hill
442,0 Dakota Terrace
443,02769 Alpine Way
444,275 Mayer Park
445,2 Walton Plaza
446,04 Gerald Park
447,696 Mariners Cove Park
448,871 John Wall Parkway
449,88055 Larry Circle
450,08492 Amoth Street
451,23 Pierstorff Crossing
452,81 Eagle Crest Alley
453,3 Coolidge Pass
454,1 Butterfield Circle
455,95195 Randy Drive
456,462 Eagan Crossing
457,89650 Spohn Lane
458,143 Pond Road
459,9191 Hanover Plaza
460,471 Monica Parkway
461,05 Mallory Pass
462,6 Sage Hill
463,596 Ilene Street
464,4 Leroy Trail
465,855 John Wall Place
466,60448 Main Place
467,6730 Parkside Junction
468,14889 Di Loreto Circle
469,4877 Valley Edge Pass
470,7827 Steensland Road
471,02044 Old Gate Lane
472,51589 Buena Vista Junction
473,756 Manufacturers Plaza
474,0857 Dennis Avenue
475,119 Judy Trail
476,60 Esker Crossing
477,530 Holmberg Way
478,973 Dennis Court
479,13813 Jackson Lane
480,1522 Elka Plaza
481,0869 Forest Dale Hill
482,19311 Susan Way
483,9 American Point
484,8 Melvin Park
485,758 Ridgeview Alley
486,24 Marquette Street
487,026 Hintze Way
488,3 Pierstorff Trail
489,4289 Annamark Terrace
490,5 Northport Lane
491,9913 Summerview Crossing
492,4921 John Wall Trail
493,6624 Schlimgen Park
494,54435 Corscot Center
495,1178 Starling Hill
496,545 Shopko Alley
497,32 Gulseth Way
498,11 Hansons Pass
499,57 Transport Road
500,11590 Surrey Alley
501,3151 Corben Junction
502,8659 Oakridge Court
503,68 Kensington Way
504,88383 Mifflin Parkway
505,2648 4th Street
506,57995 Sunfield Court
507,130 Prentice Drive
508,4812 Sloan Circle
509,4277 Kropf Drive
510,6713 Kingsford Pass
511,86 Cherokee Crossing
512,4930 Erie Place
513,0426 Florence Parkway
514,88482 Burning Wood Terrace
515,812 Porter Terrace
516,841 Forest Court
517,393 Lake View Circle
518,2 Village Road
519,72 Village Green Point
520,809 3rd Plaza
521,61367 Birchwood Park
522,5339 Melrose Park
523,8444 Morningstar Junction
524,6 Banding Circle
525,6 Scofield Way
526,0 Dakota Circle
527,02341 John Wall Road
528,42 Tomscot Pass
529,464 Crest Line Terrace
530,70 Summerview Crossing
531,26803 Kedzie Parkway
532,4477 Vidon Parkway
533,626 Morningstar Hill
534,222 Knutson Junction
535,412 Mccormick Way
536,8595 Nevada Pass
537,38 Holy Cross Parkway
538,212 Corry Trail
539,204 Glendale Avenue
540,291 Hoard Drive
541,7771 Algoma Junction
542,7 Spaight Drive
543,04 Iowa Way
544,4 Northwestern Crossing
545,34 Mccormick Parkway
546,3 American Ash Street
547,11 Rusk Court
548,7 Glacier Hill Trail
549,37 Vernon Way
550,6 Westend Park
551,08 Vermont Pass
552,4853 Kedzie Plaza
553,003 Crest Line Junction
554,11 Independence Trail
555,8 Welch Court
556,08 Atwood Avenue
557,7 Sachtjen Hill
558,88 Kim Park
559,4045 Bunting Street
560,777 Schlimgen Circle
561,2788 Burrows Parkway
562,31695 Magdeline Hill
563,247 Tennyson Street
564,29800 Bluejay Plaza
565,0 Dapin Point
566,417 Burrows Park
567,997 Bartelt Parkway
568,7874 Knutson Court
569,561 Bay Way
570,82929 Erie Junction
571,949 Victoria Pass
572,31380 Lillian Pass
573,31828 Little Fleur Parkway
574,2 Meadow Ridge Road
575,49 Stang Hill
576,17 Hauk Alley
577,5 Monterey Junction
578,0 Green Junction
579,74 Cordelia Lane
580,14 Banding Way
581,4 Florence Hill
582,0373 American Ash Road
583,3175 Cherokee Plaza
584,54 Basil Avenue
585,6 Fairfield Road
586,7588 Beilfuss Terrace
587,70765 Meadow Ridge Way
588,96999 Springs Center
589,05181 Dexter Plaza
590,38974 Clemons Avenue
591,19 Scott Terrace
592,14 Village Way
593,4 Holy Cross Alley
594,2 Shasta Parkway
595,6151 Ronald Regan Park
596,4 Lien Lane
597,26249 Park Meadow Point
598,64 Forster Avenue
599,97809 Florence Avenue
600,53 Blackbird Avenue
601,6 Westridge Crossing
602,65043 Charing Cross Hill
603,61266 Harbort Park
604,82 Sommers Point
605,297 Brown Center
606,588 Merrick Terrace
607,624 Wayridge Hill
608,81 Independence Parkway
609,59757 Sloan Alley
610,76 Thackeray Place
611,08041 Bluejay Junction
612,66286 Northport Drive
613,51 Everett Park
614,87 Rutledge Drive
615,89939 North Street
616,25680 Petterle Way
617,90553 Fieldstone Way
618,424 Shoshone Pass
619,5 Maple Pass
620,5 Manufacturers Circle
621,313 Kensington Parkway
622,3532 Dottie Court
623,9 Del Sol Court
624,84 Vera Crossing
625,50 Gulseth Court
626,09468 Cambridge Crossing
627,81 Hauk Way
628,3381 Stephen Plaza
629,029 Mallard Plaza
630,15729 Melrose Alley
631,7158 Mitchell Hill
632,237 Gateway Circle
633,3439 Independence Street
634,4 Sutherland Center
635,569 Cody Trail
636,3219 John Wall Plaza
637,424 Canary Road
638,695 Ramsey Way
639,034 Pierstorff Junction
640,1 Nobel Junction
641,5 Manley Street
642,209 Talmadge Plaza
643,9 Farmco Trail
644,4 Old Gate Drive
645,55 Red Cloud Lane
646,4680 Melrose Drive
647,24 Sunbrook Drive
648,32 Menomonie Circle
649,98 Bluejay Parkway
650,339 Oneill Junction
651,49508 Eagan Road
652,21 Hallows Plaza
653,01764 Green Ridge Center
654,34713 Bultman Circle
655,0991 Northland Center
656,3 Bunker Hill Junction
657,860 Becker Pass
658,143 Oriole Lane
659,587 Luster Alley
660,9 West Avenue
661,0773 Anzinger Junction
662,964 Lakewood Circle
663,0443 Mosinee Plaza
664,90402 Ridgeway Lane
665,471 Lindbergh Crossing
666,484 Lighthouse Bay Center
667,19 Stang Crossing
668,34637 Golden Leaf Lane
669,4 Coleman Court
670,2071 Lake View Way
671,7354 Ridge Oak Plaza
672,969 Northview Crossing
673,259 Raven Junction
674,6 Waxwing Center
675,0682 Lakewood Hill
676,74 Forest Street
677,03054 Montana Hill
678,5 Sugar Junction
679,55081 Mendota Point
680,40345 Beilfuss Street
681,3118 Larry Alley
682,2713 Delaware Terrace
683,6 Sage Lane
684,130 Armistice Way
685,6196 Ridge Oak Court
686,23 Maryland Alley
687,9378 American Ash Drive
688,95001 Sachs Crossing
689,19802 Victoria Trail
690,5356 Jana Circle
691,1162 Fairview Crossing
692,4163 Hoard Terrace
693,05738 Golden Leaf Terrace
694,33 Monica Circle
695,86 Grim Pass
696,35 3rd Place
697,7107 Claremont Plaza
698,67636 Algoma Alley
699,2 Marcy Point
700,9 Green Ridge Avenue
701,9 Kings Drive
702,2 Butternut Parkway
703,06750 Aberg Street
704,562 Shopko Alley
705,2389 Westport Point
706,81 Badeau Point
707,1602 Northport Crossing
708,72 Shoshone Junction
709,15931 Vera Way
710,4 Hayes Road
711,8049 Morning Street
712,69 High Crossing Court
713,8 Welch Street
714,9 Muir Avenue
715,8810 Warrior Terrace
716,83221 Donald Parkway
717,32 Derek Crossing
718,841 Fordem Parkway
719,215 Buhler Junction
720,3 Walton Circle
721,180 Parkside Way
722,6 Oriole Way
723,250 Center Way
724,38889 Drewry Trail
725,52686 Glacier Hill Park
726,5581 Oriole Road
727,8409 Mayfield Parkway
728,43781 Beilfuss Avenue
729,05 Carberry Alley
730,74802 Darwin Way
731,8602 Loomis Plaza
732,87777 Laurel Avenue
733,60862 Utah Road
734,8615 Donald Place
735,88 Quincy Parkway
736,9 Quincy Court
737,96 Ramsey Hill
738,1 John Wall Point
739,27 Sunbrook Hill
740,18947 Buhler Crossing
741,58563 Evergreen Hill
742,63857 Golden Leaf Plaza
743,1 Sauthoff Park
744,31 Magdeline Park
745,13 Arkansas Lane
746,37 Mandrake Hill
747,2284 Sachs Pass
748,05030 Superior Place
749,62985 Fairfield Court
750,978 Rutledge Lane
751,77 Linden Crossing
752,92718 Fulton Court
753,04 American Way
754,66137 Sutteridge Court
755,7 Carioca Crossing
756,87536 Monterey Plaza
757,9672 Glacier Hill Trail
758,4 Lakewood Center
759,59098 Goodland Pass
760,9731 School Circle
761,89 Bultman Court
762,1 Bay Place
763,04 Sauthoff Parkway
764,15969 Butternut Parkway
765,16193 Farwell Crossing
766,58 Southridge Court
767,7 Duke Hill
768,98728 Spaight Junction
769,1309 Hagan Street
770,688 Towne Court
771,08 Loftsgordon Center
772,24 Larry Avenue
773,99189 Farragut Pass
774,34688 4th Park
775,6597 Pleasure Place
776,7 Hovde Plaza
777,2 Dahle Trail
778,79932 Evergreen Lane
779,74981 Drewry Trail
780,38 Jay Parkway
781,4 Evergreen Hill
782,06617 Brickson Park Drive
783,5 Messerschmidt Point
784,7 Almo Circle
785,34439 Carioca Pass
786,8 Warbler Avenue
787,132 John Wall Way
788,02 Schlimgen Road
789,7906 International Terrace
790,459 Tony Crossing
791,26 Elka Road
792,0 Menomonie Lane
793,88 Eliot Lane
794,35 Esch Way
795,77684 Northport Plaza
796,5 Wayridge Center
797,2258 Canary Avenue
798,1973 Monument Lane
799,67523 Autumn Leaf Center
800,10250 Clemons Plaza
801,2 Northfield Junction
802,6026 Dottie Park
803,14 Roxbury Alley
804,091 Northland Pass
805,354 Ludington Circle
806,34 Waywood Way
807,074 Knutson Street
808,9569 Lawn Park
809,4899 Hazelcrest Pass
810,32 Sage Crossing
811,60064 Sullivan Way
812,94722 Rutledge Lane
813,0809 Randy Hill
814,06004 Granby Lane
815,0103 Veith Plaza
816,52 Westridge Junction
817,7087 Pond Lane
818,6622 Northwestern Place
819,9136 Village Place
820,3892 Express Avenue
821,288 Sullivan Lane
822,717 Dakota Lane
823,11 Rockefeller Point
824,13302 Dunning Pass
825,306 Corry Road
826,61 Comanche Crossing
827,2 Kipling Parkway
828,9129 Oxford Place
829,390 Nevada Way
830,64188 Sutteridge Road
831,1419 Brentwood Hill
832,033 Gulseth Alley
833,9291 Paget Trail
834,9271 Briar Crest Street
835,48 Upham Plaza
836,1 Northport Park
837,1 Nevada Way
838,4 Southridge Street
839,3732 Cardinal Junction
840,82722 Sunfield Plaza
841,7 Scofield Pass
842,74551 Monterey Parkway
843,381 3rd Alley
844,238 American Court
845,69038 Green Road
846,3 Norway Maple Parkway
847,9 Erie Way
848,9231 Manufacturers Lane
849,95 Sherman Point
850,479 Gale Way
851,0 Gulseth Park
852,2 Schiller Circle
853,486 Dahle Place
854,61405 Kensington Hill
855,133 Loeprich Drive
856,6 Northport Place
857,83 Old Gate Hill
858,186 Sauthoff Circle
859,4 Granby Point
860,987 Sundown Plaza
861,52518 Meadow Ridge Plaza
862,1 Hudson Drive
863,1872 Warrior Street
864,14 Florence Plaza
865,55373 Sherman Parkway
866,52705 Swallow Road
867,943 Mayfield Street
868,7 Oakridge Point
869,5 Oneill Plaza
870,0932 Prentice Parkway
871,161 Independence Road
872,00130 American Way
873,74 Washington Plaza
874,9 Nelson Avenue
875,61 Carioca Avenue
876,4 Mifflin Street
877,9565 Hoard Hill
878,5 School Park
879,34 Hazelcrest Pass
880,2 Maryland Junction
881,223 North Road
882,80 Wayridge Point
883,6656 Bluestem Trail
884,7 Arrowood Drive
885,056 Nancy Center
886,175 Bartillon Park
887,241 Bellgrove Court
888,2 Blue Bill Park Place
889,6 Ridge Oak Junction
890,5 Melvin Road
891,7 Warbler Drive
892,00703 Rockefeller Trail
893,1789 Farmco Plaza
894,263 Vidon Terrace
895,01 Eagle Crest Lane
896,26 Hayes Park
897,61 Crowley Pass
898,954 Sunbrook Drive
899,28 Sutherland Street
900,20889 Donald Junction
901,8740 Hallows Trail
902,28239 American Way
903,5879 Menomonie Road
904,2126 Carpenter Circle
905,92 Merry Court
906,1 Crowley Avenue
907,4205 Melrose Road
908,0993 Elmside Way
909,1 Derek Alley
910,62 North Junction
911,10333 Farmco Crossing
912,14151 Corscot Way
913,03 Golden Leaf Crossing
914,057 Sherman Street
915,72674 2nd Crossing
916,83155 Packers Circle
917,7429 Mccormick Street
918,5246 Arrowood Court
919,16 Prairie Rose Pass
920,503 Dottie Drive
921,645 Eliot Drive
922,2792 Charing Cross Road
923,92 Hanson Place
924,1179 Prairieview Drive
925,75596 Burrows Park
926,7 Mayfield Trail
927,9 Claremont Parkway
928,86 Hintze Hill
929,8 Forest Place
930,2160 Lukken Drive
931,2205 Sloan Terrace
932,9 Blackbird Hill
933,28 Dwight Court
934,4305 Pankratz Road
935,9808 Carberry Crossing
936,9 8th Crossing
937,6571 Warbler Trail
938,5 Debs Plaza
939,25 Portage Court
940,7 Grim Point
941,3 Londonderry Road
942,90050 Service Road
943,922 Clyde Gallagher Circle
944,6989 Steensland Terrace
945,5 Fremont Terrace
946,3509 Eagle Crest Pass
947,5 Gulseth Crossing
948,3140 Lawn Terrace
949,92 Service Terrace
950,9855 Golden Leaf Court
951,00372 Briar Crest Street
952,78003 Clarendon Terrace
953,7316 Havey Terrace
954,67421 Lindbergh Street
955,4855 Vidon Parkway
956,731 Merry Crossing
957,79 Bashford Crossing
958,58 Hanover Plaza
959,0 Rusk Road
960,285 Colorado Point
961,907 Pleasure Street
962,9 Loftsgordon Place
963,2 Pankratz Park
964,62 Dorton Way
965,2014 Ridgeway Place
966,29 Eastwood Drive
967,4944 Hudson Lane
968,3 Michigan Pass
969,969 Sauthoff Point
970,96407 Green Ridge Alley
971,6 Pierstorff Crossing
972,9792 Hanover Place
973,19206 Bultman Trail
974,94671 Canary Alley
975,150 Graedel Alley
976,71 Redwing Circle
977,0330 Lien Junction
978,10 Stuart Place
979,31967 Beilfuss Hill
980,0561 Mitchell Drive
981,92043 Saint Paul Hill
982,88106 Annamark Pass
983,70426 Jackson Junction
984,777 Tennessee Plaza
985,134 Armistice Junction
986,222 Ilene Alley
987,29673 Muir Avenue
988,5 Comanche Drive
989,2862 Armistice Lane
990,42514 Sloan Way
991,1 Corscot Plaza
992,89 Brickson Park Trail
993,09 Sherman Court
994,57395 Manufacturers Parkway
995,53 Lyons Road
996,9 Summer Ridge Crossing
997,5911 Fulton Crossing
998,60 Nancy Point
999,2902 Grim Crossing
1000,7 Continental Hill
