ID,EMAIL,FIRST_NAME,LAST_NAME,PASSWORD,role
1,jreed0@wordpress.org,Joshua,Reed,tfgLBHeUo3,2
2,rellis1@digg.com,Richard,Ellis,B5rutp5wvKV,2
3,dperkins2@ftc.gov,Donald,Perkins,Urm7wNNUXr,5
4,bcrawford3@gravatar.com,Bruce,Crawford,BSI6z3,5
5,lsnyder4@who.int,Lois,Snyder,MIJ0IWLSDl,5
6,mhudson5@microsoft.com,Mildred,Hudson,nHkWSQgq4,2
7,cblack6@homestead.com,Craig,Black,x2l2DSXjGrcu,3
8,mgomez7@cdc.gov,Mildred,Gomez,LCmIjQeKtmM1,4
9,dkennedy8@ezinearticles.com,Dennis,Kennedy,GHJRm5gzZd6,1
10,pramos9@marketwatch.com,Pamela,Ramos,ry85MrQTX,3
11,jwarda@tumblr.com,Jack,Ward,qvf1oX,3
12,msmithb@ucoz.ru,Mark,Smith,fJMVjDFWFhiY,5
13,jedwardsc@squarespace.com,Joseph,Edwards,HUhSGI,6
14,dfloresd@businesswire.com,Douglas,Flores,dKj1K7QCBe,4
15,rgeorgee@amazon.co.jp,Ruth,George,wNKq5Ux9Hkp,5
16,jlongf@goo.ne.jp,Joseph,Long,dsw5dWm,3
17,sfloresg@hao123.com,Shawn,Flores,OCEYrtfSenBT,4
18,medwardsh@angelfire.com,Marilyn,Edwards,ZSslS1RNP,5
19,jlongi@cmu.edu,Janet,Long,MfxzXO,1
20,cmurphyj@cyberchimps.com,Christina,Murphy,v3W9aB,2
21,bfreemank@bloglines.com,Bruce,Freeman,bRTpGudm,6
22,jfernandezl@yolasite.com,Jeremy,Fernandez,obHIkbT,3
23,gmasonm@slate.com,Gary,Mason,9mDkcKmyGtr,1
24,wpaynen@newyorker.com,Wayne,Payne,Apo46qoTszaq,5
25,bmcdonaldo@cafepress.com,Beverly,Mcdonald,elCkEuPXhA,1
26,cdunnp@photobucket.com,Carl,Dunn,TfQdx3kY,5
27,cruizq@deviantart.com,Cynthia,Ruiz,Cd3WYsDgE9U,2
28,wwallacer@tamu.edu,Willie,Wallace,JC1ht43,2
29,treeds@seattletimes.com,Todd,Reed,1S71Ly,4
30,molsont@plala.or.jp,Marie,Olson,5o8hOd,2
31,swatkinsu@flickr.com,Stephanie,Watkins,eL28Xvu,2
32,jwatsonv@homestead.com,Janice,Watson,UfJkfkTy,2
33,wnicholsw@plala.or.jp,Wanda,Nichols,YXd8WJj1,5
34,sjordanx@163.com,Sandra,Jordan,T9I2gjx,2
35,dmcdonaldy@mediafire.com,Denise,Mcdonald,1PDE6MNgc,3
36,jgreenz@mayoclinic.com,Johnny,Green,wYAqZwSPljVJ,6
37,emedina10@npr.org,Eric,Medina,hVaxiG,4
38,hnelson11@purevolume.com,Howard,Nelson,tL70bsIMW5P,3
39,mrobinson12@meetup.com,Martha,Robinson,HBY7Nf,1
40,pmason13@cam.ac.uk,Paula,Mason,HElOhFLnW7,1
41,sromero14@geocities.com,Scott,Romero,5k3CtBI6Wc,4
42,bfernandez15@ftc.gov,Bonnie,Fernandez,j3ghyF,4
43,cwilliamson16@economist.com,Catherine,Williamson,HMBgbA,3
44,jhicks17@tinypic.com,Jennifer,Hicks,yIh9bhDn1d,2
45,jmartin18@cnn.com,Joshua,Martin,jvJSNW21,3
46,jdavis19@ox.ac.uk,Julie,Davis,U5tKLVyPNC,3
47,jthompson1a@nature.com,Jacqueline,Thompson,XRQJhj,6
48,tgraham1b@illinois.edu,Timothy,Graham,FfdXJApH,4
49,amartinez1c@columbia.edu,Ashley,Martinez,fjmXho0,1
50,lsullivan1d@artisteer.com,Linda,Sullivan,0X159PX,1
51,cfreeman1e@intel.com,Carlos,Freeman,74ivudv8,1
52,whowell1f@shutterfly.com,Walter,Howell,nT1gasto,2
53,kwarren1g@ebay.com,Kimberly,Warren,1WUyPlAwzq,5
54,jsims1h@mac.com,Jennifer,Sims,eoaeI3tedR,1
55,nross1i@domainmarket.com,Nancy,Ross,MRVh2n,3
56,rcunningham1j@biglobe.ne.jp,Randy,Cunningham,vvEpDrNQ,1
57,iyoung1k@aol.com,Irene,Young,0ia85DdlWu6X,1
58,kdaniels1l@tmall.com,Kathleen,Daniels,1UY8oKdah,4
59,hrobertson1m@upenn.edu,Harry,Robertson,91U5Pu4x,2
60,shudson1n@parallels.com,Sandra,Hudson,1dNLC14lS,3
61,cwalker1o@ebay.co.uk,Carol,Walker,Xng1wOjE0P6,1
62,mhawkins1p@mapy.cz,Maria,Hawkins,Vv6fF62q,1
63,rclark1q@ebay.co.uk,Russell,Clark,8tllynDsOJ,6
64,pkelly1r@homestead.com,Pamela,Kelly,pxu6KDC,3
65,jgriffin1s@multiply.com,John,Griffin,B5yjuBdTh,2
66,pferguson1t@cargocollective.com,Peter,Ferguson,p3a1N9y,3
67,pholmes1u@bloglovin.com,Patricia,Holmes,Q4JTKYK35C,4
68,abanks1v@123-reg.co.uk,Amy,Banks,FrTJaVxvc7,5
69,ahansen1w@dropbox.com,Aaron,Hansen,hj7cJZIh,2
70,clane1x@berkeley.edu,Christina,Lane,RfGAUj7W5sA,6
71,melliott1y@mashable.com,Mary,Elliott,Dl086lVceG,1
72,mbanks1z@sciencedirect.com,Maria,Banks,nbvSinxw76,6
73,dwheeler20@wordpress.com,Daniel,Wheeler,TaTncw0khGIa,1
74,dtucker21@cdbaby.com,Doris,Tucker,DlqksXTd,2
75,lhicks22@utexas.edu,Laura,Hicks,G3nohw,4
76,wking23@blogspot.com,Willie,King,gZaJ25,4
77,lchavez24@blogs.com,Lawrence,Chavez,0nXvep,4
78,jwatson25@list-manage.com,Joe,Watson,8jpui8p0Ors,3
79,scook26@friendfeed.com,Stephanie,Cook,Bu1ktan,5
80,krice27@cisco.com,Katherine,Rice,8C7nWs81,5
81,jadams28@phoca.cz,James,Adams,QHBnGuYL,5
82,rking29@wordpress.org,Ruby,King,0ZB1yxH,1
83,cryan2a@cbslocal.com,Christina,Ryan,Siyi0Z,5
84,holson2b@odnoklassniki.ru,Heather,Olson,ugp30gqPop,3
85,cmills2c@usa.gov,Christopher,Mills,2NwwHNFsikpw,3
86,ahill2d@miibeian.gov.cn,Alan,Hill,GRWNAfSyLLF,5
87,bcastillo2e@springer.com,Benjamin,Castillo,DuZzOgz,4
88,llittle2f@pinterest.com,Louis,Little,PnQEKZxcuG,3
89,dford2g@ameblo.jp,Deborah,Ford,mrUHc3yex,3
90,mward2h@linkedin.com,Martin,Ward,24mxUZ93slQ,4
91,mpatterson2i@usa.gov,Michael,Patterson,0CSsXbl1A,2
92,sboyd2j@xing.com,Samuel,Boyd,pdrEYrB9,6
93,twillis2k@go.com,Theresa,Willis,0N2by2uS,3
94,jmatthews2l@bizjournals.com,Joshua,Matthews,0sLLF8,3
95,wmorgan2m@odnoklassniki.ru,Wayne,Morgan,PnQ6syLSiahJ,4
96,rmiller2n@census.gov,Rose,Miller,5XB0pnTnH,5
97,swillis2o@eventbrite.com,Sandra,Willis,t0bXWTdAG,1
98,jevans2p@arstechnica.com,Joseph,Evans,rZqB1TENn,1
99,eedwards2q@ibm.com,Evelyn,Edwards,F4sHSGFrLgfk,2
100,lkim2r@nhs.uk,Lillian,Kim,LAOJVu0Ey3e,6
101,sgeorge2s@exblog.jp,Sarah,George,8rwU8qMD,6
102,jcook2t@army.mil,Jerry,Cook,52fEMgV64TEc,3
103,aandrews2u@latimes.com,Aaron,Andrews,YJHPVkS8,1
104,jduncan2v@bloomberg.com,Jean,Duncan,4lF6y1uvxmZ,1
105,rhudson2w@ycombinator.com,Robert,Hudson,tuIHA75bBfC,1
106,evasquez2x@wsj.com,Emily,Vasquez,4TYk1ABvy9ZC,5
107,aadams2y@reference.com,Annie,Adams,yOSXGgygA,3
108,rbutler2z@ft.com,Randy,Butler,Bk4GEsSX8,3
109,kbutler30@bandcamp.com,Katherine,Butler,SISsXG,5
110,bmoreno31@altervista.org,Betty,Moreno,ZvDQYjdntr4,3
111,arose32@smh.com.au,Anna,Rose,ZLoTmLBviot,4
112,rwells33@cocolog-nifty.com,Ralph,Wells,firnh1q3nG,4
113,agonzalez34@sbwire.com,Arthur,Gonzalez,UpchvXLk,6
114,sroberts35@spotify.com,Samuel,Roberts,NuD3jDN4s,6
115,dwilliamson36@pagesperso-orange.fr,Dorothy,Williamson,Eo4zg4N5ljB,1
116,lbanks37@smh.com.au,Larry,Banks,7YGMgoNUj5,5
117,jbutler38@cloudflare.com,Janet,Butler,b0E3KsTq,1
118,bcruz39@acquirethisname.com,Bonnie,Cruz,aLowDKlPJuX1,6
119,hcastillo3a@un.org,Heather,Castillo,tCzIcquA6k6,2
120,wlynch3b@google.es,Wayne,Lynch,YSVNEM,1
121,lpeters3c@amazon.co.uk,Lisa,Peters,N6hc9DghpNE,1
122,rfrazier3d@fastcompany.com,Rebecca,Frazier,wtgwfOL,1
123,rlittle3e@dyndns.org,Ryan,Little,I2rudomy,1
124,slane3f@wix.com,Sean,Lane,7ClvvjpNzqym,3
125,kperez3g@who.int,Karen,Perez,tjdCnTGTFw,3
126,awagner3h@apple.com,Andrea,Wagner,jIMnj6tTDZ,6
127,gweaver3i@cbsnews.com,Gregory,Weaver,A5vxks72,3
128,pspencer3j@yahoo.com,Patricia,Spencer,6fe0Y3Pmvz,5
129,eaustin3k@hhs.gov,Edward,Austin,N3uHKwj,4
130,wschmidt3l@latimes.com,Wayne,Schmidt,bKyd4oIas,1
131,jwells3m@bravesites.com,Jacqueline,Wells,KDzuqoKd,1
132,mwarren3n@a8.net,Marie,Warren,BgrnEeqYP,6
133,amartinez3o@plala.or.jp,Adam,Martinez,biJBs6iR,1
134,lwashington3p@icq.com,Larry,Washington,b2KDl7HbzB,1
135,khart3q@cnbc.com,Kenneth,Hart,wNxGy5GpgIb,5
136,cbishop3r@cisco.com,Carol,Bishop,tO2ya2lQW0t,6
137,jstone3s@hubpages.com,Jonathan,Stone,QBie7m,3
138,dmason3t@oakley.com,Donna,Mason,rIzLH6dXz,2
139,mhunter3u@geocities.com,Michelle,Hunter,CVR8e2yMw0O,3
140,aalexander3v@pen.io,Annie,Alexander,yNM5DueB,6
141,smendoza3w@tumblr.com,Sara,Mendoza,nlhiQ7,2
142,lramirez3x@google.es,Lawrence,Ramirez,03jZr7U16,3
143,pduncan3y@foxnews.com,Paul,Duncan,p5abnerqRjUk,5
144,sryan3z@xrea.com,Sandra,Ryan,NHtwgLV,3
145,cdunn40@discovery.com,Christopher,Dunn,kZUdr5gEzE0,4
146,dburns41@xrea.com,Daniel,Burns,iIKSd93wgH,1
147,mgibson42@google.it,Margaret,Gibson,LHdVAjU3R0n,5
148,pmatthews43@joomla.org,Patricia,Matthews,mjsY5f,3
149,jcooper44@kickstarter.com,Jimmy,Cooper,R88sUXC,1
150,smcdonald45@wisc.edu,Steve,Mcdonald,XDEIRWw,4
151,jbutler46@jiathis.com,Jose,Butler,7n82GQn,1
152,jevans47@phpbb.com,Jesse,Evans,FDKCpXm,3
153,kcampbell48@usda.gov,Kimberly,Campbell,yWA8p4KJw,6
154,awashington49@thetimes.co.uk,Amy,Washington,bIPKZwd,5
155,cschmidt4a@plala.or.jp,Chris,Schmidt,Y8YZyY,6
156,vbennett4b@cnbc.com,Virginia,Bennett,xJPzHs,4
157,jbennett4c@unicef.org,Jose,Bennett,2x2wChs5O,5
158,emyers4d@blogs.com,Emily,Myers,TydoAW,5
159,hvasquez4e@fc2.com,Harold,Vasquez,p5tDNVMGs,1
160,rrichardson4f@cmu.edu,Raymond,Richardson,fdIJapp2q,5
161,jfowler4g@indiegogo.com,Jose,Fowler,IWxu6mUL,2
162,cryan4h@list-manage.com,Chris,Ryan,yFru3C3K,5
163,pgriffin4i@list-manage.com,Paul,Griffin,gKL0C07vD,1
164,jadams4j@nasa.gov,Jose,Adams,LYaNBEkOEOAT,1
165,dryan4k@ca.gov,Diane,Ryan,WEqQeFKOHW,1
166,tkim4l@smh.com.au,Thomas,Kim,HEofX6A8,6
167,jbanks4m@live.com,Juan,Banks,cJ8GltQ,4
168,jlong4n@squidoo.com,Johnny,Long,w93jTmO,1
169,jcoleman4o@newsvine.com,Jesse,Coleman,kWZb153,4
170,bgeorge4p@bravesites.com,Bruce,George,jO95yvEZy,1
171,rcooper4q@webs.com,Rebecca,Cooper,XCQ9n7,4
172,shernandez4r@hp.com,Stephen,Hernandez,IYnIYFLLZ,4
173,bgonzalez4s@utexas.edu,Bonnie,Gonzalez,MWvMuqH7,5
174,egreene4t@meetup.com,Earl,Greene,6Y5akyr,5
175,jmedina4u@nhs.uk,Johnny,Medina,9nCjDxbBYoYf,1
176,sthompson4v@usatoday.com,Scott,Thompson,jQSphNi1f2g,2
177,charrison4w@cnn.com,Cheryl,Harrison,Tmyg2vornLgA,1
178,rmills4x@huffingtonpost.com,Raymond,Mills,hciegV,3
179,dwarren4y@gnu.org,Douglas,Warren,KE6cjVdKrbB,3
180,dkim4z@moonfruit.com,Doris,Kim,0buo1NYrLOtE,4
181,aromero50@cnet.com,Annie,Romero,Nr69bJCbl,5
182,nrivera51@twitter.com,Nancy,Rivera,VimRkzLcHc,3
183,clane52@cargocollective.com,Craig,Lane,ULNPsMW,4
184,pcruz53@yale.edu,Phyllis,Cruz,BpytIjBBPsX9,2
185,wmills54@newsvine.com,William,Mills,Vtve2X,3
186,csimmons55@freewebs.com,Christine,Simmons,aXoKJSk,4
187,pphillips56@meetup.com,Paul,Phillips,GWDTStKMAEN,3
188,rhamilton57@usda.gov,Randy,Hamilton,WP95qFlX6,6
189,hjordan58@indiegogo.com,Heather,Jordan,qvvNvASPuSf,3
190,nroberts59@howstuffworks.com,Nancy,Roberts,x2kW4PO6d,5
191,farmstrong5a@csmonitor.com,Frances,Armstrong,c4S7O1,5
192,jtucker5b@vistaprint.com,Julia,Tucker,Cz8pLx10,1
193,llittle5c@tmall.com,Larry,Little,UFD8oOk,1
194,ejackson5d@zimbio.com,Edward,Jackson,GEoVuuRg,6
195,smedina5e@ucla.edu,Stephanie,Medina,mh97pdAs0gOP,2
196,nmeyer5f@github.io,Nicole,Meyer,lYkqsZIdP0cK,4
197,bnguyen5g@free.fr,Bobby,Nguyen,1aLXUmw,6
198,aaustin5h@printfriendly.com,Albert,Austin,RoV2DRzu3d,2
199,djones5i@si.edu,Denise,Jones,bXZE7eVin6b,6
200,kcrawford5j@e-recht24.de,Kathleen,Crawford,GPoPWyOMPnA,1
201,tscott5k@mapy.cz,Terry,Scott,PMG0jK99eBci,1
202,rchapman5l@amazonaws.com,Roger,Chapman,vJJWYt8YZrL,2
203,jjones5m@meetup.com,Jose,Jones,BuyCV2dR73,5
204,jwatkins5n@xinhuanet.com,Judith,Watkins,kyfPOg2Ts,2
205,wcastillo5o@canalblog.com,Wayne,Castillo,fGU8Nn9sI2,6
206,ncollins5p@unesco.org,Nancy,Collins,YdeDO7RrMoT,6
207,wdean5q@smh.com.au,Wayne,Dean,OWVCGJpdOCK,2
208,alopez5r@dion.ne.jp,Amanda,Lopez,37xBKB2vi0TM,5
209,lwilliamson5s@altervista.org,Laura,Williamson,7DF2qKNmx,5
210,jjackson5t@berkeley.edu,Judith,Jackson,FSXZsW,6
211,mwhite5u@storify.com,Marie,White,UxJIkeDhYhj,1
212,thernandez5v@jiathis.com,Tammy,Hernandez,wAehkK,1
213,cjames5w@comsenz.com,Christopher,James,wWQJ2EL1,2
214,nholmes5x@nature.com,Nicole,Holmes,4r5jG1i,2
215,cjohnson5y@cbsnews.com,Cheryl,Johnson,5Lvjuo06,2
216,bprice5z@sogou.com,Brian,Price,euG3DP8Y,5
217,vhunter60@php.net,Virginia,Hunter,AUslcpkj,4
218,aferguson61@answers.com,Ashley,Ferguson,UCbF3hjXI7C,3
219,edaniels62@nasa.gov,Earl,Daniels,CCvNvxcIwYwU,4
220,elewis63@ustream.tv,Elizabeth,Lewis,W8xz0lLze7,3
221,esanchez64@washingtonpost.com,Elizabeth,Sanchez,NtVJvbD,1
222,phowell65@slashdot.org,Paula,Howell,JNGc13I1aZ,4
223,jpatterson66@acquirethisname.com,Julia,Patterson,oSiH6spQI,3
224,droberts67@timesonline.co.uk,Denise,Roberts,pdIaP74mgp,4
225,rallen68@yelp.com,Randy,Allen,DDiN7lwC,3
226,creid69@nasa.gov,Chris,Reid,a1c0Czeh1V,5
227,pcunningham6a@friendfeed.com,Philip,Cunningham,pIPkDVi7D,4
228,dperez6b@google.com.au,Deborah,Perez,Bcj9slue,5
229,lbaker6c@google.com.br,Lillian,Baker,44E7iwTa,6
230,ereyes6d@elpais.com,Evelyn,Reyes,phXDGN,3
231,lrice6e@purevolume.com,Lori,Rice,vFog1okOvW6,2
232,klawson6f@hostgator.com,Kathy,Lawson,fxeyca,6
233,lkelley6g@seesaa.net,Louise,Kelley,QtaBZzhhye,2
234,kcarter6h@java.com,Kathleen,Carter,mCRckg8y65V,3
235,hgilbert6i@netvibes.com,Harold,Gilbert,irUAmN6,1
236,charrison6j@php.net,Cynthia,Harrison,NKu0hzmhR0p,2
237,jkelley6k@ebay.com,Joseph,Kelley,OYQsoYzPDNe,1
238,cshaw6l@topsy.com,Craig,Shaw,zffdHRo3,4
239,jrichardson6m@plala.or.jp,Julie,Richardson,pHhyKojM,4
240,psnyder6n@biglobe.ne.jp,Phyllis,Snyder,Q7jxMwCtl,5
241,cstephens6o@unicef.org,Christopher,Stephens,GOAVdCOX3WZk,6
242,jlee6p@nationalgeographic.com,Joseph,Lee,QDtqracy74,6
243,cspencer6q@naver.com,Christina,Spencer,2KZc6HL6nLed,5
244,mburton6r@vinaora.com,Michael,Burton,E1plsFZ,5
245,rcastillo6s@si.edu,Ryan,Castillo,AjrMWq,6
246,jfisher6t@illinois.edu,Joshua,Fisher,16NrxAViq1X,2
247,cfuller6u@loc.gov,Christina,Fuller,GqBeDx3enQO,3
248,jrussell6v@businesswire.com,Julie,Russell,9vyUm96Rx9pD,3
249,rgordon6w@about.me,Robin,Gordon,XyQfFZFnuU,6
250,nwallace6x@intel.com,Nicholas,Wallace,Lt7Ny2TL,6
251,eruiz6y@friendfeed.com,Emily,Ruiz,mD6JCMi,3
252,jadams6z@google.nl,Julie,Adams,7Lawpx6kV,1
253,bhernandez70@networkadvertising.org,Benjamin,Hernandez,jCvZTDilbv,3
254,kpalmer71@umich.edu,Katherine,Palmer,1hsyKQGbd,2
255,hmorris72@dedecms.com,Harry,Morris,OmMIkp5,6
256,kwatson73@homestead.com,Kathy,Watson,jaDkEsHMe2WT,4
257,cbennett74@shareasale.com,Christopher,Bennett,HvC17NFG4yJw,2
258,alee75@redcross.org,Alice,Lee,gvc1X36GQh40,6
259,mreed76@sun.com,Maria,Reed,pSFWH4Z,2
260,hthompson77@fda.gov,Helen,Thompson,3qVRg2,4
261,ihudson78@amazon.co.uk,Irene,Hudson,YbO4Bs5Sa,5
262,sknight79@columbia.edu,Scott,Knight,vYGuu00c,4
263,jkim7a@google.es,John,Kim,jR9QOEe,5
264,tlewis7b@cocolog-nifty.com,Thomas,Lewis,C6DBTnHMDnfA,3
265,celliott7c@answers.com,Charles,Elliott,sboTEz7,4
266,cjames7d@csmonitor.com,Carolyn,James,d88mrpDNA,2
267,aflores7e@edublogs.org,Aaron,Flores,wvgoLv5zjctx,5
268,kmills7f@miitbeian.gov.cn,Kathy,Mills,lLy4u08vsZ,1
269,alynch7g@bigcartel.com,Andrew,Lynch,pXg1pdLQ5b,5
270,mknight7h@hatena.ne.jp,Martha,Knight,VdgofVewHrPU,2
271,ccole7i@weather.com,Cynthia,Cole,G6tQtg,5
272,frice7j@tuttocitta.it,Frank,Rice,8RK74h,2
273,cgeorge7k@wp.com,Craig,George,XLsTc4RCcgp,6
274,ccarr7l@goo.ne.jp,Christopher,Carr,IERNDV,6
275,mhayes7m@wp.com,Maria,Hayes,bF4v5YhCkY,3
276,enichols7n@ca.gov,Earl,Nichols,ee8NPGdgSZ,3
277,trobinson7o@csmonitor.com,Teresa,Robinson,tQhHK7aUB2YG,3
278,mlittle7p@dagondesign.com,Michael,Little,lOyYzh,1
279,jschmidt7q@miibeian.gov.cn,Jesse,Schmidt,YfPfz6Tbr83,6
280,grichardson7r@about.me,Gerald,Richardson,f2Xm7f,6
281,gtorres7s@mtv.com,George,Torres,qVDnojOTC6te,6
282,dbaker7t@amazon.com,Dorothy,Baker,yr1duUmsa,1
283,crogers7u@comsenz.com,Chris,Rogers,WCqoRGIHns,3
284,creed7v@creativecommons.org,Carolyn,Reed,4paNC9C5Y,2
285,nmartinez7w@networkadvertising.org,Nicole,Martinez,qhbyum63U,4
286,shall7x@nyu.edu,Shirley,Hall,OYj1GmCj,3
287,pcunningham7y@ehow.com,Patricia,Cunningham,p8bP80Sg7Jh,3
288,mshaw7z@imgur.com,Marilyn,Shaw,Zv9Zulq,3
289,mgreen80@eepurl.com,Mark,Green,3W4V5o2M,5
290,wmyers81@about.com,Walter,Myers,3bxipv2,2
291,nross82@hatena.ne.jp,Nicholas,Ross,8FGg33lQ,1
292,sgray83@bandcamp.com,Stephen,Gray,DLold6oCt,3
293,abradley84@4shared.com,Ashley,Bradley,6Ri51UZ,6
294,cwilliams85@pinterest.com,Carolyn,Williams,gDcYeZAZXS,1
295,lpowell86@apple.com,Louise,Powell,URAT04UgqHY,5
296,fadams87@imgur.com,Frank,Adams,lUuQk4MY0,5
297,bdean88@exblog.jp,Bonnie,Dean,BlR5xiIinJ,4
298,mbryant89@theatlantic.com,Mildred,Bryant,odKS5t8IZFZN,1
299,dcox8a@army.mil,Donna,Cox,OXuHSA,6
300,dwelch8b@epa.gov,David,Welch,K1KwoaPy6,3
301,holson8c@businessinsider.com,Harry,Olson,UMlxbPBUrVAZ,5
302,cray8d@goo.ne.jp,Chris,Ray,bz1tSx,5
303,jberry8e@exblog.jp,Joe,Berry,PJrU5BdeYuTW,5
304,lwagner8f@cbsnews.com,Lisa,Wagner,hyPtiOtK,2
305,bjacobs8g@mozilla.org,Bruce,Jacobs,n8czD51RxTJ,4
306,kmartinez8h@usa.gov,Karen,Martinez,IKb76MLuxE,5
307,cpowell8i@t-online.de,Carl,Powell,8Sp5HleJaW,1
308,thart8j@homestead.com,Theresa,Hart,2nY2rV54,2
309,hwells8k@chron.com,Helen,Wells,0ttS0UQCmfF,6
310,pkelley8l@smh.com.au,Peter,Kelley,y9MG9fCu3ex,5
311,dmarshall8m@cnn.com,Deborah,Marshall,iGodcJu9XL,3
312,bboyd8n@aboutads.info,Bonnie,Boyd,b39HtAsp,5
313,clee8o@csmonitor.com,Craig,Lee,M3DOrUNaRAR,1
314,bcunningham8p@dell.com,Brian,Cunningham,pTYBQBh9BeKP,4
315,clawrence8q@seattletimes.com,Carl,Lawrence,FpOnweO,1
316,sbrooks8r@multiply.com,Steve,Brooks,wuZyJUSd,6
317,mmontgomery8s@technorati.com,Mary,Montgomery,z4dX5yVDR,3
318,boliver8t@bluehost.com,Brian,Oliver,jDxWLr,2
319,afox8u@bizjournals.com,Anthony,Fox,bt6cmGx,2
320,ggomez8v@zdnet.com,Gloria,Gomez,NIIp4DQW,2
321,cjordan8w@indiatimes.com,Chris,Jordan,UP3dkbPbTdIe,2
322,dcruz8x@multiply.com,Debra,Cruz,fFvEchESZzTK,6
323,tmurphy8y@yandex.ru,Todd,Murphy,2JwznOQaFD39,2
324,ccollins8z@macromedia.com,Christopher,Collins,Utbx6c,6
325,agarcia90@blogger.com,Albert,Garcia,7f2TCJd,5
326,fgeorge91@uol.com.br,Frank,George,caP6t019,1
327,tmorales92@newsvine.com,Tammy,Morales,77crVuD,6
328,tdavis93@washingtonpost.com,Timothy,Davis,8Ye1xAiyyiHZ,2
329,dflores94@usatoday.com,Donna,Flores,A4cIWFU,3
330,rlawrence95@dagondesign.com,Russell,Lawrence,Mb9ZHhDsSwI,6
331,aray96@blogspot.com,Alan,Ray,Fy35gYUPy0R,3
332,brose97@skype.com,Billy,Rose,nB9V2O6a4d,6
333,sbrown98@t-online.de,Sean,Brown,uGCC3r0u,6
334,mbrooks99@google.ca,Mary,Brooks,NP39wm,6
335,vsimpson9a@ucoz.ru,Virginia,Simpson,nUZQqAgHBgF,2
336,kandrews9b@liveinternet.ru,Kevin,Andrews,96xhqrhVS,1
337,wmyers9c@symantec.com,Walter,Myers,LBkiICezuqIn,1
338,wporter9d@npr.org,Walter,Porter,ViSU8Cy4P1Ya,6
339,kcollins9e@scientificamerican.com,Katherine,Collins,Q0tDDSNu,3
340,ediaz9f@meetup.com,Earl,Diaz,n3WmAqwotvS,3
341,wanderson9g@google.nl,Walter,Anderson,SDpNk46Y7wPw,4
342,jfoster9h@icq.com,James,Foster,dkuo5MdvS,5
343,jgraham9i@go.com,Jeffrey,Graham,UsfBx5NgP,4
344,jjohnson9j@yellowpages.com,Julie,Johnson,R78eheZ4,5
345,dsanchez9k@sogou.com,Douglas,Sanchez,WDkctOU5Aw9,5
346,clittle9l@cisco.com,Carlos,Little,Gxkgs73VLXO,5
347,dchavez9m@opera.com,Daniel,Chavez,VunlALvXC,4
348,ablack9n@blogspot.com,Andrew,Black,8JOBqH8,6
349,aandrews9o@shutterfly.com,Alan,Andrews,Jdxs9TqudQ,4
350,foliver9p@nydailynews.com,Frances,Oliver,dwfleOp,4
351,djacobs9q@chron.com,Debra,Jacobs,JQZIA3FKt,2
352,dwhite9r@latimes.com,Diane,White,rmVTMKQKw3N,2
353,kbrooks9s@apache.org,Kathryn,Brooks,CBnucd,3
354,hlittle9t@cornell.edu,Harry,Little,uom17aUvDjZY,4
355,kbailey9u@harvard.edu,Kimberly,Bailey,jeB73UzZPnN,1
356,cgraham9v@vinaora.com,Christopher,Graham,WpJ7xIit2,6
357,ewheeler9w@merriam-webster.com,Elizabeth,Wheeler,2cmoNeQ2,3
358,calvarez9x@seesaa.net,Cheryl,Alvarez,cBEG1KvvZw5,3
359,pwheeler9y@angelfire.com,Philip,Wheeler,VsxpnLpH3Fkw,4
360,greyes9z@pbs.org,Gloria,Reyes,RKBeR7UgQ9TN,4
361,rburkea0@php.net,Rachel,Burke,mWIHt0doJ2,1
362,jjenkinsa1@lycos.com,Jeremy,Jenkins,cxN96WkKNsid,2
363,sreyesa2@cbc.ca,Sarah,Reyes,DrYD8o,2
364,rmillera3@1688.com,Roy,Miller,LEJfFQe90EI8,1
365,sgarzaa4@pinterest.com,Sandra,Garza,cHLaERlc09,5
366,dmasona5@friendfeed.com,Donna,Mason,NqujANfHdnI2,4
367,mcruza6@disqus.com,Martha,Cruz,jRCvlnXFwFl,1
368,mwellsa7@mtv.com,Martin,Wells,zx2V6RgcVE5C,3
369,jburkea8@shutterfly.com,Janice,Burke,Z1bAsgPf,2
370,jdaya9@wordpress.org,Jennifer,Day,qRjYdQxMj6,3
371,ccruzaa@pcworld.com,Clarence,Cruz,PvrnwP,2
372,whawkinsab@wsj.com,William,Hawkins,c0zYIF36,5
373,dsullivanac@ucsd.edu,Denise,Sullivan,aJeHb87PrOXd,1
374,lmillsad@indiatimes.com,Lois,Mills,Rjk2NcQaqieG,1
375,hmoralesae@moonfruit.com,Harold,Morales,VkwXH17wjGT,5
376,shayesaf@storify.com,Scott,Hayes,mqup2CWVPADY,5
377,jmeyerag@samsung.com,Jacqueline,Meyer,8JP28AP54,3
378,dhawkinsah@umich.edu,David,Hawkins,KqBjWlZ,6
379,wmitchellai@dot.gov,Willie,Mitchell,04ZuGpj828,2
380,apetersaj@reverbnation.com,Andrea,Peters,34H3T9KJ,3
381,salvarezak@oracle.com,Stephanie,Alvarez,mJkZXCo,3
382,bbarnesal@cdc.gov,Bobby,Barnes,rlugl6dkeA,3
383,sthompsonam@pagesperso-orange.fr,Scott,Thompson,fI4LEE6,1
384,jsnyderan@vk.com,Justin,Snyder,ZDs6DQ,3
385,afosterao@hp.com,Ann,Foster,Hmh5yOVa,2
386,kwatkinsap@mashable.com,Kathy,Watkins,e1vMD27H7,1
387,rhenryaq@meetup.com,Robin,Henry,sVQkQTQq,6
388,kchavezar@canalblog.com,Kathleen,Chavez,2zVON6,2
389,pchavezas@alexa.com,Patrick,Chavez,5j8bzEW,4
390,dcarrat@cocolog-nifty.com,Doris,Carr,ydZxq4hThSSA,1
391,agarciaau@gov.uk,Alice,Garcia,wT7hj5xSoU,2
392,smorenoav@cnbc.com,Scott,Moreno,JiJuTkj,5
393,kharrisaw@squarespace.com,Kathy,Harris,RpdIgK,2
394,gpalmerax@cdc.gov,Gary,Palmer,I68tiQMaLj,2
395,cwellsay@un.org,Craig,Wells,1fBB68k,4
396,mlynchaz@printfriendly.com,Michelle,Lynch,o4eObBtp,3
397,jfranklinb0@usda.gov,Jacqueline,Franklin,Jkt5e5TN2tZZ,2
398,arayb1@disqus.com,Alice,Ray,iwst5ZPt5MK,1
399,fcruzb2@deviantart.com,Fred,Cruz,AcR4YO,3
400,rreyesb3@twitpic.com,Robert,Reyes,ghMDkuh6b,4
401,ikingb4@nytimes.com,Irene,King,VygQTvxN,2
402,nbennettb5@ovh.net,Nicholas,Bennett,GzpVAPUnYCSs,3
403,eberryb6@imgur.com,Eric,Berry,9XzlmQTVlVo,5
404,brossb7@blogs.com,Bruce,Ross,ZypT62PQ,1
405,jgutierrezb8@tripod.com,Juan,Gutierrez,6iMNnkPUhl,5
406,jmeyerb9@boston.com,Jeremy,Meyer,xIdICGQ6jPA,5
407,jlarsonba@geocities.com,Juan,Larson,LGJl7SSgvhH,3
408,jricebb@shareasale.com,Johnny,Rice,sDRjunP,3
409,psandersbc@amazon.com,Pamela,Sanders,ADUDs3thBRSR,1
410,bwelchbd@sun.com,Billy,Welch,W2VNYy8n2i,1
411,relliottbe@unesco.org,Roy,Elliott,aJBHNfjDOp,2
412,jharperbf@businessweek.com,Joseph,Harper,SrxK96oE,5
413,bmoralesbg@exblog.jp,Billy,Morales,9ejF9ycr,1
414,kpricebh@reuters.com,Kathleen,Price,YuMTaq0shwiN,4
415,ffisherbi@gravatar.com,Frank,Fisher,jytcrLio4cX,3
416,bburnsbj@woothemes.com,Bobby,Burns,JZM7Ylw3VZu,1
417,lmillerbk@qq.com,Lois,Miller,zDsx4w,5
418,jkelleybl@g.co,Jimmy,Kelley,zv2uGt,4
419,jwrightbm@fda.gov,Janice,Wright,CbLoxzfR266,6
420,rjordanbn@sourceforge.net,Ruth,Jordan,xbR5VUox,6
421,khicksbo@weibo.com,Kathy,Hicks,ZuF9ZH,1
422,jfoxbp@china.com.cn,Joshua,Fox,kq1pwJr,2
423,estevensbq@dyndns.org,Earl,Stevens,FfqvFbKOOEtd,3
424,dperrybr@list-manage.com,Dorothy,Perry,a9qGwlvp4Jj,5
425,ahansonbs@independent.co.uk,Anthony,Hanson,fcU65SGfA,2
426,jcrawfordbt@washingtonpost.com,Jane,Crawford,jYuyog0Qks4,6
427,salvarezbu@sciencedirect.com,Sara,Alvarez,txHK0UCqC9,5
428,kfreemanbv@tinyurl.com,Kimberly,Freeman,RmAI6SNWX,6
429,akimbw@instagram.com,Ann,Kim,AWxh3lHrA4RM,2
430,adavisbx@chronoengine.com,Albert,Davis,rXZHDIx9C,2
431,hpriceby@utexas.edu,Henry,Price,0PZdaR,5
432,randersonbz@bbc.co.uk,Russell,Anderson,hzjYTkq4Jxyv,6
433,smcdonaldc0@mail.ru,Shawn,Mcdonald,Q7Ddxyc8Z,2
434,rmedinac1@g.co,Russell,Medina,fhaVrO4OE1oR,3
435,drileyc2@domainmarket.com,Dennis,Riley,LanZ0VFG,3
436,jrobinsonc3@mapquest.com,Judy,Robinson,frw1x9h6vkAL,6
437,tcarterc4@blogger.com,Timothy,Carter,PC1RegOPoG,3
438,kmartinezc5@unc.edu,Katherine,Martinez,tYPAkEm9T,6
439,dscottc6@columbia.edu,Dorothy,Scott,yxyKdCb2,6
440,djenkinsc7@seattletimes.com,Dorothy,Jenkins,B5jcAKKCLAO,5
441,tlawsonc8@smugmug.com,Terry,Lawson,qLqKCuMhFYY1,4
442,sperkinsc9@xinhuanet.com,Sharon,Perkins,hfLT307LlN,3
443,jtuckerca@weibo.com,Judith,Tucker,v9DLrC98h,6
444,melliscb@cpanel.net,Martha,Ellis,UQ2xKNhnDp,4
445,pvasquezcc@unicef.org,Phillip,Vasquez,ISKt482k,1
446,sfoxcd@ted.com,Sarah,Fox,viaCDuk0CB8W,2
447,truizce@unicef.org,Teresa,Ruiz,TWAUbf69z,2
448,rlawrencecf@arizona.edu,Randy,Lawrence,eJfU5sJN19,1
449,estevenscg@admin.ch,Eric,Stevens,ISw5UmPUWMu,2
450,jnicholsch@e-recht24.de,Justin,Nichols,1zYl9yZz,6
451,aburkeci@wisc.edu,Anthony,Burke,Yal6lH8vfWdL,2
452,acoopercj@comcast.net,Alan,Cooper,a9LCPzA,3
453,jhallck@pbs.org,Jennifer,Hall,D6UYlL8Puz8j,2
454,fjamescl@cdc.gov,Frances,James,EZVnHbz2,3
455,mreedcm@netlog.com,Martin,Reed,MTBJcrQH,1
456,sruizcn@example.com,Sarah,Ruiz,FZrBmfJOwEIZ,5
457,pmartinco@si.edu,Phyllis,Martin,ZFJ61gyDlDB,3
458,rreyescp@istockphoto.com,Rachel,Reyes,4GhhqNi,6
459,bpowellcq@deliciousdays.com,Brandon,Powell,mNxIRkh2,5
460,emorriscr@telegraph.co.uk,Evelyn,Morris,hpFC1d,1
461,ssullivancs@blog.com,Sean,Sullivan,pjlJsf7mR,6
462,scrawfordct@bravesites.com,Sandra,Crawford,R1sX7yGEor,4
463,gbellcu@barnesandnoble.com,George,Bell,EfWMuhZi8,5
464,rwilliscv@foxnews.com,Randy,Willis,ebTxih,1
465,lgarciacw@yolasite.com,Lois,Garcia,2CJE5m2W,3
466,tfernandezcx@princeton.edu,Thomas,Fernandez,lB00v9EeZH,4
467,asanchezcy@elpais.com,Aaron,Sanchez,UGWLwQFy8aZe,5
468,fjamescz@state.tx.us,Frances,James,8QWhYr4FWFWO,5
469,kgrayd0@cdbaby.com,Kimberly,Gray,bJy6M1d,3
470,lwalkerd1@hubpages.com,Louise,Walker,f5jb4lhW,4
471,sharrisond2@mail.ru,Shirley,Harrison,hRjLjXb,2
472,pelliottd3@aboutads.info,Peter,Elliott,gR6itkw,3
473,aholmesd4@shop-pro.jp,Anthony,Holmes,tdBfwRMC4bzN,4
474,cwhited5@latimes.com,Cheryl,White,XwVQ5e,2
475,dbradleyd6@booking.com,Debra,Bradley,NcB1lh0JK,1
476,kriced7@sbwire.com,Kathryn,Rice,iqb4XLlBIC,1
477,jchapmand8@flavors.me,Jessica,Chapman,14sYYDME9qcN,6
478,mcrawfordd9@studiopress.com,Matthew,Crawford,TNMY2cy76hR,4
479,kwillisda@csmonitor.com,Karen,Willis,v17fYfUgul,3
480,mbradleydb@joomla.org,Martha,Bradley,Z7KUcFc74deP,1
481,awhitedc@foxnews.com,Anna,White,AjGLkUZic,2
482,wkellydd@techcrunch.com,Walter,Kelly,rRcTbVne,6
483,awilsonde@phpbb.com,Andrea,Wilson,8M5Z1vu407,4
484,gburtondf@salon.com,Gloria,Burton,N7caJJ0,3
485,cdunndg@washington.edu,Christine,Dunn,3kmH2TZDql7c,2
486,chansendh@ycombinator.com,Cynthia,Hansen,PRBmUsnnE,4
487,jgriffindi@gov.uk,Joe,Griffin,LFFGE9rN,4
488,dwheelerdj@rambler.ru,Douglas,Wheeler,ccrP2KN3,5
489,awilsondk@mayoclinic.com,Annie,Wilson,aviizFx0wdS,5
490,rmorgandl@quantcast.com,Roger,Morgan,A7WNwz53,5
491,lcarpenterdm@rediff.com,Lawrence,Carpenter,dPtsoWtZ7,6
492,rwellsdn@github.com,Randy,Wells,U3TJuEVaADD,4
493,clawsondo@harvard.edu,Carl,Lawson,siWu08Z0,1
494,krobertsondp@berkeley.edu,Kathryn,Robertson,3GwuWS,6
495,mcooperdq@techcrunch.com,Martin,Cooper,MfLqUbPG,1
496,dchavezdr@seesaa.net,Doris,Chavez,i3pDLFedwf,1
497,dpriceds@is.gd,Donna,Price,GGcaL9q4c,2
498,jedwardsdt@fema.gov,John,Edwards,OaeOXgW,2
499,mdixondu@cnn.com,Maria,Dixon,MiVi2eNuR,5
500,knelsondv@123-reg.co.uk,Kenneth,Nelson,GZAYz2A,3
501,rmedinadw@cocolog-nifty.com,Ruby,Medina,tvUnz91FN,5
502,cstephensdx@netlog.com,Carol,Stephens,IhcLhPZFHi,5
503,fgrahamdy@deliciousdays.com,Fred,Graham,FGTpTjKq,1
504,agarrettdz@themeforest.net,Alice,Garrett,X9KUD8LuNVe,4
505,wevanse0@cargocollective.com,William,Evans,Xk3uDW52bT9,5
506,ktuckere1@microsoft.com,Kathy,Tucker,iNnK2CyNW,2
507,tharte2@a8.net,Tammy,Hart,Un5hqUBstj,3
508,rmartineze3@scribd.com,Robin,Martinez,vkakREnr1g,3
509,gcarpentere4@sun.com,Gerald,Carpenter,l6xbGG,6
510,rrosse5@aboutads.info,Rachel,Ross,WJwDs5RF,4
511,jchaveze6@youtu.be,Judith,Chavez,ZTtldj,4
512,bcollinse7@pinterest.com,Brenda,Collins,UwqaXpRwr2e,5
513,clarsone8@gizmodo.com,Chris,Larson,w17Zvb,4
514,ccarre9@umn.edu,Charles,Carr,InfQBCPI,5
515,kpalmerea@icq.com,Kathleen,Palmer,tywQ9QkJreM,5
516,hgutierrezeb@mtv.com,Howard,Gutierrez,xwakbZvaPZp,5
517,alittleec@gov.uk,Alice,Little,SwjwWN83hPit,3
518,jforded@biglobe.ne.jp,Judy,Ford,4TTfbHjy,6
519,rwardee@google.com,Rose,Ward,knBw1rBnJ,3
520,mwoodsef@diigo.com,Mark,Woods,NZgzHr,5
521,jadamseg@wordpress.org,Janet,Adams,xjhxYnNIyMKL,3
522,lhendersoneh@flavors.me,Larry,Henderson,yVYZBX,2
523,cwarrenei@comcast.net,Christopher,Warren,m6SCUShIj,3
524,mturnerej@fc2.com,Mildred,Turner,rWk1WVRw9Bs,1
525,jstoneek@icq.com,Jeffrey,Stone,Tol5IYK,2
526,dhuntel@statcounter.com,Dennis,Hunt,Dur38MzB,5
527,jpayneem@netscape.com,Justin,Payne,X4s1KvJ,1
528,mnelsonen@webmd.com,Melissa,Nelson,iohFRM2GQ,5
529,psimseo@google.es,Phillip,Sims,OOHr8tzWSF,6
530,madamsep@sciencedaily.com,Mark,Adams,TzUUDDMU9S,3
531,jmartineq@howstuffworks.com,Jane,Martin,BUCbUX07plgn,5
532,ggrayer@slate.com,Gary,Gray,NvpwOLdsELfW,1
533,lgriffines@woothemes.com,Louise,Griffin,VgeqoB,6
534,jbutleret@privacy.gov.au,Julie,Butler,dlMflI5NALvk,2
535,jcarreu@trellian.com,John,Carr,dZ5ptp9vE15,2
536,wfullerev@irs.gov,Walter,Fuller,PpL2s5x,3
537,ffosterew@spotify.com,Frances,Foster,MKQiUMSi4R91,3
538,chunterex@toplist.cz,Christina,Hunter,MmwNngW1xxLb,2
539,csmithey@google.it,Chris,Smith,Mrun7Ly8,2
540,jmitchellez@163.com,Jose,Mitchell,tJkezNM2YOx,1
541,halvarezf0@deliciousdays.com,Henry,Alvarez,EnPXzLm,2
542,pjenkinsf1@engadget.com,Peter,Jenkins,3ME3Vq8YhJkC,3
543,jwallacef2@last.fm,Jerry,Wallace,OMRY1tB,4
544,preyesf3@flickr.com,Phillip,Reyes,5xH2VQP,2
545,kbennettf4@discuz.net,Kevin,Bennett,WmY6329hpsXI,5
546,ebarnesf5@themeforest.net,Eric,Barnes,lmSFY41roDu4,1
547,kmyersf6@instagram.com,Katherine,Myers,6ASNOvmru,1
548,gharrisf7@exblog.jp,Gerald,Harris,ymb8Qv1g,3
549,lkingf8@rakuten.co.jp,Lisa,King,f9s9Rk2ge,2
550,rfreemanf9@amazonaws.com,Raymond,Freeman,mQUcvE7kJp,5
551,rdeanfa@elegantthemes.com,Russell,Dean,Xu90POqPB,3
552,jwashingtonfb@goo.gl,Joe,Washington,E0EoF475T,2
553,jtaylorfc@cargocollective.com,Jessica,Taylor,IZPJCw,6
554,cjonesfd@tamu.edu,Cheryl,Jones,9EsR9ecCeK,5
555,jhansenfe@ucla.edu,Janice,Hansen,1BEsrl0QaZA,1
556,sclarkff@4shared.com,Steve,Clark,uXRO2z1,1
557,kricefg@addthis.com,Kevin,Rice,3J9yhAHgx253,2
558,lramirezfh@bloglines.com,Louis,Ramirez,OjHOk0Hbyj,2
559,srobertsfi@elpais.com,Stephanie,Roberts,CdMhSQsbIX,5
560,mgarrettfj@twitpic.com,Maria,Garrett,iW5DCgyXa,3
561,cparkerfk@huffingtonpost.com,Carl,Parker,kwBxbI,1
562,elopezfl@edublogs.org,Elizabeth,Lopez,m4k2pF,1
563,jcolefm@miibeian.gov.cn,Jerry,Cole,5Sgoa7zmqPrb,2
564,jlittlefn@aboutads.info,James,Little,2o5j18,2
565,bhudsonfo@soup.io,Bobby,Hudson,QwpZxQdY9fvz,5
566,aramirezfp@google.fr,Alan,Ramirez,YMYUJFg5mlKR,6
567,astanleyfq@pen.io,Ann,Stanley,Ld5omzqPZGOh,5
568,lgarzafr@unicef.org,Louise,Garza,LrgZgdNO1,3
569,srichardsfs@admin.ch,Sara,Richards,QOOzUTSOC5x,5
570,khuntft@epa.gov,Karen,Hunt,AQjXMlIr4AS,5
571,ecarrfu@howstuffworks.com,Emily,Carr,Okjt7Plqnye,1
572,rmorganfv@spotify.com,Ronald,Morgan,oWT9CwKv,1
573,srobinsonfw@huffingtonpost.com,Sean,Robinson,xGCWhH,5
574,ahicksfx@loc.gov,Andrew,Hicks,dSvlMxR,3
575,tsanchezfy@lulu.com,Timothy,Sanchez,IRql4i,3
576,ccampbellfz@europa.eu,Christopher,Campbell,p4qxYurJRp,1
577,bbowmang0@jugem.jp,Barbara,Bowman,V63crY,2
578,gbennettg1@state.tx.us,George,Bennett,AHuQcg2,4
579,wharveyg2@wikimedia.org,Walter,Harvey,mQSTZvZm2Q,1
580,jcollinsg3@cornell.edu,Juan,Collins,atOjsqjnKs,4
581,amasong4@dion.ne.jp,Anna,Mason,b22UeMh6krvm,1
582,jnicholsg5@gmpg.org,Judy,Nichols,ftxBKmVQcay,4
583,jkellyg6@mlb.com,Judith,Kelly,pxMoyl,5
584,fsmithg7@lycos.com,Frank,Smith,zpslwOiZ3PBy,3
585,wweaverg8@sitemeter.com,Willie,Weaver,r4zBQIG3g5zo,3
586,sshawg9@hao123.com,Scott,Shaw,779orG,4
587,cgreenga@photobucket.com,Carl,Green,kkwbnif6OmDR,4
588,rharveygb@skyrock.com,Ryan,Harvey,VBu15zD,1
589,wcolemangc@rakuten.co.jp,Willie,Coleman,b3aDpZChpnpk,3
590,mwilsongd@myspace.com,Matthew,Wilson,0NXHA0n,5
591,jgonzalesge@unesco.org,Jessica,Gonzales,nkobA6zCMk,3
592,wwrightgf@quantcast.com,Willie,Wright,DcyfLMX82SF,4
593,lwilsongg@cdbaby.com,Lois,Wilson,Tj5mwonZ6FS,2
594,ajacksongh@howstuffworks.com,Ann,Jackson,Sh1UNNexm,1
595,aolivergi@yelp.com,Andrew,Oliver,m2ucezwzU,3
596,mgonzalezgj@flavors.me,Marilyn,Gonzalez,DHSxWLkv,2
597,afostergk@mac.com,Andrew,Foster,oKVKgDhPEo7o,2
598,jpaynegl@buzzfeed.com,Joshua,Payne,nalkRUNy,4
599,swellsgm@typepad.com,Sarah,Wells,yRe5MRJqcBr,5
600,tboydgn@dailymotion.com,Tammy,Boyd,CkRTrr4,4
601,wfoxgo@ebay.co.uk,William,Fox,BYWFBWH,4
602,jpetersongp@jigsy.com,Jacqueline,Peterson,vqeXIELYNX,1
603,lparkergq@wordpress.com,Louis,Parker,F4VahIA,1
604,cpattersongr@ucsd.edu,Carlos,Patterson,SmQfjQ,3
605,ajamesgs@businessinsider.com,Amy,James,Ih81cJNP7,1
606,npalmergt@wp.com,Nicholas,Palmer,skh60grxrKho,3
607,hshawgu@istockphoto.com,Henry,Shaw,FYuB0Y282oM,3
608,amccoygv@tinypic.com,Antonio,Mccoy,70Bk6bbbHi,5
609,rstonegw@google.pl,Ruth,Stone,YC9TgHQA,6
610,hwebbgx@weebly.com,Howard,Webb,eat40cKcZiZu,3
611,hfraziergy@sbwire.com,Harold,Frazier,YMWbg8Ayy4f,4
612,amooregz@oaic.gov.au,Anna,Moore,YsUJeaGZsb,5
613,hhansenh0@wiley.com,Henry,Hansen,GmYtjk,2
614,esnyderh1@rediff.com,Ernest,Snyder,3NcVIEbXTV3l,2
615,gbrownh2@soup.io,Gloria,Brown,iB0A4FyI,6
616,ksimsh3@economist.com,Kathleen,Sims,ISOOlEdKDJ,2
617,vmorganh4@360.cn,Victor,Morgan,U8ILdzuPl,4
618,flawrenceh5@craigslist.org,Frances,Lawrence,VY35Ca,5
619,rbrownh6@homestead.com,Ralph,Brown,AMgFi1JnMdh8,1
620,rmeyerh7@hibu.com,Ruby,Meyer,d8UOq5MSE,2
621,tstephensh8@mashable.com,Teresa,Stephens,zz6Mdx,3
622,mporterh9@columbia.edu,Marie,Porter,OtMQ9WH,5
623,esanchezha@dmoz.org,Edward,Sanchez,uymWIAY,2
624,awarrenhb@pinterest.com,Amy,Warren,9y6jxfM,4
625,shugheshc@zimbio.com,Samuel,Hughes,lAyIAShBN,3
626,bwilsonhd@tinyurl.com,Brenda,Wilson,NpVLCoi,2
627,srayhe@istockphoto.com,Sara,Ray,8mE90MN,2
628,dcampbellhf@symantec.com,Douglas,Campbell,rrzJVd2jHve,3
629,larmstronghg@i2i.jp,Louis,Armstrong,s2IKeeV6y,2
630,kdixonhh@icio.us,Kathy,Dixon,PcZYSvUgescZ,1
631,jwesthi@toplist.cz,Jason,West,JUcEWS,6
632,kmorenohj@msn.com,Kimberly,Moreno,V89PCRigz2J,2
633,chunthk@php.net,Chris,Hunt,4cZ2TEtRfZd,1
634,swatkinshl@admin.ch,Sharon,Watkins,WAkwzT,6
635,tharrishm@prnewswire.com,Todd,Harris,MveNZRfw,2
636,dsullivanhn@independent.co.uk,Deborah,Sullivan,kNAPpK,1
637,amedinaho@amazon.com,Anthony,Medina,vHyS3wdBLc,6
638,kleehp@live.com,Keith,Lee,lY7agLrGZf,1
639,bgardnerhq@weibo.com,Bruce,Gardner,BEhWr12pH5eF,6
640,aharrishr@tuttocitta.it,Andrea,Harris,CaWMik3Kim,6
641,rortizhs@usatoday.com,Randy,Ortiz,2fd96B,1
642,ssandersht@google.de,Sara,Sanders,9wEhOmcOIDw,3
643,ladamshu@phoca.cz,Laura,Adams,SUb44x,2
644,rmartinhv@squidoo.com,Roger,Martin,TwuSRH0,3
645,dclarkhw@prweb.com,Donald,Clark,KSK5VIp,5
646,rramirezhx@joomla.org,Ronald,Ramirez,Us7PAL,6
647,pbennetthy@feedburner.com,Peter,Bennett,8ttBtz94Y3n,3
648,dstephenshz@scribd.com,Dennis,Stephens,jl3jDHjv,4
649,pbakeri0@aol.com,Peter,Baker,SKTHLrd,5
650,sjonesi1@ask.com,Sean,Jones,8KRtVYxho,4
651,agordoni2@surveymonkey.com,Albert,Gordon,wEeVbvIvcRsU,6
652,nperezi3@nature.com,Nancy,Perez,IKhP6d,1
653,rmyersi4@geocities.jp,Rachel,Myers,eYzL2CW5,2
654,mandersoni5@house.gov,Mark,Anderson,mXD0Knb5Pa,1
655,ccolei6@yahoo.com,Carl,Cole,y5DJFc,3
656,vfosteri7@techcrunch.com,Virginia,Foster,jZvrSV,3
657,astanleyi8@npr.org,Alice,Stanley,IIQ5XE,5
658,jwalkeri9@github.com,Joyce,Walker,SrEvo1vEbu,6
659,gsandersia@creativecommons.org,Gerald,Sanders,zHlEA0wi,6
660,jcarrib@soundcloud.com,Jean,Carr,BK2VvUJMQ,4
661,cmoralesic@goo.gl,Catherine,Morales,b7DHmR,2
662,ppowellid@mtv.com,Paul,Powell,fvUFfW,4
663,jwillisie@latimes.com,Johnny,Willis,1yg9APALW,4
664,brodriguezif@nps.gov,Bobby,Rodriguez,1EMCgHBNhF,5
665,aharrisig@biblegateway.com,Antonio,Harris,zUQKykZkWWxC,6
666,rarnoldih@exblog.jp,Ronald,Arnold,Ov2s1EPw,4
667,mfranklinii@linkedin.com,Mark,Franklin,xgxmLvfr44oN,5
668,jhartij@epa.gov,Jerry,Hart,qd9YbPsU6VRt,2
669,eroseik@pen.io,Earl,Rose,UKkGBKCaIi,1
670,rhughesil@phoca.cz,Ronald,Hughes,kFRMdw,6
671,dwhiteim@ocn.ne.jp,Doris,White,hiEGMR,1
672,acolemanin@topsy.com,Alice,Coleman,Zm4GvK,3
673,jperkinsio@yahoo.co.jp,Jeffrey,Perkins,FaIKRQayOp,6
674,jburtonip@gov.uk,Judith,Burton,m2zfDKO,6
675,kgrantiq@furl.net,Kelly,Grant,faEJLewpc,4
676,jlongir@mac.com,Jeffrey,Long,1djDytWI8e,1
677,cwilliamsis@shop-pro.jp,Craig,Williams,bkNG4NY,5
678,jsanchezit@tripadvisor.com,Judy,Sanchez,WMgzGN,3
679,ereynoldsiu@ucsd.edu,Ernest,Reynolds,I2RgQDtxE2u,2
680,larnoldiv@accuweather.com,Laura,Arnold,DM6iZH,5
681,mwelchiw@sogou.com,Melissa,Welch,1CHnDkLp6LL5,6
682,bfergusonix@rediff.com,Beverly,Ferguson,YTlCqbuB,1
683,jturneriy@usnews.com,Joyce,Turner,oUHQDH,5
684,gbutleriz@digg.com,George,Butler,SFGyTYh,1
685,ecoxj0@sfgate.com,Edward,Cox,L4NTC9wcpt8R,6
686,trussellj1@geocities.com,Tammy,Russell,mYz505,3
687,vmartinj2@huffingtonpost.com,Virginia,Martin,n0i4xTF,6
688,tclarkj3@cornell.edu,Tammy,Clark,LbtSShEQAL3,2
689,rdunnj4@moonfruit.com,Ronald,Dunn,VBQjdGvW0M,1
690,tshawj5@hexun.com,Tammy,Shaw,lI2LAtBwT,2
691,cblackj6@timesonline.co.uk,Carolyn,Black,yJyHncgiS5t,5
692,hhansenj7@imageshack.us,Helen,Hansen,qQ4KvVQJ8PN,3
693,chendersonj8@ovh.net,Craig,Henderson,hUCttWwsV3dD,4
694,nstonej9@sohu.com,Norma,Stone,9V4z9VvrG4d,3
695,mrobinsonja@merriam-webster.com,Margaret,Robinson,4Ffetg,4
696,abryantjb@issuu.com,Ashley,Bryant,3BTOCW5N6wl,6
697,dmedinajc@simplemachines.org,Denise,Medina,O26ytZN1,4
698,lgutierrezjd@eepurl.com,Lisa,Gutierrez,KVjWUzXWVezR,3
699,chansonje@smh.com.au,Christine,Hanson,BFbSMOCbYIDU,4
700,tmasonjf@godaddy.com,Terry,Mason,vYkhAr,1
701,darnoldjg@posterous.com,Dennis,Arnold,ciqB59ajVT,4
702,nmedinajh@printfriendly.com,Nancy,Medina,r35gaVMr,1
703,tgreenji@naver.com,Tammy,Green,qA0NQPgGKBZO,6
704,jsimpsonjj@biglobe.ne.jp,Judy,Simpson,BCQ00Dhx5m3,6
705,vtorresjk@facebook.com,Virginia,Torres,fI5IV8,5
706,mpetersjl@cdc.gov,Mark,Peters,QZ2HGz9LB,1
707,jmccoyjm@technorati.com,Joe,Mccoy,ALD4JGdPD,4
708,gfergusonjn@addthis.com,Gregory,Ferguson,QvgMZYL7N,5
709,lreyesjo@yellowpages.com,Lillian,Reyes,BRuwXM104,5
710,slongjp@indiegogo.com,Steven,Long,ip6GySO,4
711,jhayesjq@vistaprint.com,Joe,Hayes,TvAmFzD9Z3,3
712,cstonejr@europa.eu,Christine,Stone,5p3AST5YFg,3
713,rbakerjs@artisteer.com,Ronald,Baker,zuRyU2grhk,2
714,jbanksjt@springer.com,Jeffrey,Banks,2dbNRi,3
715,lrobertsju@over-blog.com,Louis,Roberts,ekX91W1,1
716,krusselljv@about.me,Kathy,Russell,bp7817jS3AGs,2
717,rmurphyjw@photobucket.com,Raymond,Murphy,gBioBhJ,1
718,jmcdonaldjx@blogger.com,Jimmy,Mcdonald,DznqrqUI,6
719,sbanksjy@photobucket.com,Steve,Banks,ou9lze,6
720,dhayesjz@jimdo.com,Donald,Hayes,qYvjRZ,1
721,jrogersk0@shop-pro.jp,Joan,Rogers,XleYJf7vFG,4
722,dsullivank1@cargocollective.com,Dorothy,Sullivan,l8ydMTpt,3
723,drodriguezk2@businesswire.com,Donna,Rodriguez,9LiRngv3IQp,6
724,rhicksk3@netlog.com,Robert,Hicks,1ntWrxU4,3
725,cwallacek4@engadget.com,Christine,Wallace,q5S60W,1
726,alarsonk5@deviantart.com,Amy,Larson,ZScNj54p,1
727,jgrayk6@geocities.jp,Jean,Gray,N9wczop5ZC,3
728,bfieldsk7@gnu.org,Beverly,Fields,y5B8Ik7dpp,2
729,mlarsonk8@netscape.com,Martha,Larson,R3R4bEMPE,4
730,elynchk9@live.com,Eric,Lynch,CiNNZ4N,5
731,jandersonka@trellian.com,Jonathan,Anderson,NISPfuZSy78,2
732,kallenkb@yale.edu,Keith,Allen,DLyeuL0B,5
733,cparkerkc@e-recht24.de,Chris,Parker,8EJkqiPslfG,4
734,kwellskd@va.gov,Kelly,Wells,5E0XLV5Hly,2
735,ematthewske@google.ru,Earl,Matthews,zwoCHXhgb,2
736,chickskf@shinystat.com,Cheryl,Hicks,4fq2XsSIYK,4
737,wcampbellkg@telegraph.co.uk,Willie,Campbell,6IJmoxNl1Yh,4
738,jkingkh@t.co,Joshua,King,AiBaGn1hK,6
739,jhayeski@tripadvisor.com,Janet,Hayes,zwY2jvVh6tWq,6
740,klongkj@virginia.edu,Kathryn,Long,odakyCFsy3H,2
741,drosekk@mapy.cz,Dorothy,Rose,OHOyVYQlzXiz,4
742,jwilliamskl@tumblr.com,Jessica,Williams,naAMGMcbYfKR,5
743,dcastillokm@163.com,Douglas,Castillo,HjBrVGVAVE9f,3
744,pwilliamskn@de.vu,Pamela,Williams,GP3mdmWtiJ,1
745,eryanko@rediff.com,Elizabeth,Ryan,by8m91vR,3
746,jshawkp@ask.com,Jeffrey,Shaw,KUEof4aEEY,2
747,cperkinskq@comcast.net,Chris,Perkins,M97xkZwb9V,5
748,atuckerkr@phpbb.com,Ann,Tucker,7CnFWrmQiXTB,3
749,wdixonks@cmu.edu,Willie,Dixon,B3p3g5t7ofL,2
750,gwatkinskt@51.la,Gerald,Watkins,KmAqI2,1
751,agriffinku@theglobeandmail.com,Ann,Griffin,ANe5AWHgz,4
752,kporterkv@infoseek.co.jp,Katherine,Porter,yvgLOHRC,6
753,swatkinskw@hibu.com,Sara,Watkins,mI5DIHF0fI,2
754,halexanderkx@vimeo.com,Harry,Alexander,vNpgsvtrNmR,4
755,jwatkinsky@java.com,Jesse,Watkins,rxet11JsfU,4
756,dnguyenkz@goo.ne.jp,Douglas,Nguyen,FzRs6xh3,1
757,tparkerl0@msn.com,Terry,Parker,HPfQ14Hmjd,2
758,driveral1@pagesperso-orange.fr,Donna,Rivera,6m8K7jgHXlJy,1
759,cruizl2@usa.gov,Cheryl,Ruiz,HnXzijqqoX,1
760,mmoorel3@phpbb.com,Mark,Moore,iYZ8ZVBI,3
761,mcruzl4@wsj.com,Michelle,Cruz,oBd1REjgT0,6
762,kfowlerl5@weather.com,Kathryn,Fowler,psJKNlFNg,2
763,khughesl6@ucoz.com,Kathy,Hughes,MlU4cBoQaY,5
764,bkellyl7@networksolutions.com,Betty,Kelly,wIGp0xNcF,1
765,sboydl8@goo.gl,Sara,Boyd,uWt25er,1
766,smillerl9@linkedin.com,Shirley,Miller,7FFfuHE,2
767,tweaverla@phpbb.com,Teresa,Weaver,sgCExs01N7YM,1
768,mmorrisonlb@bluehost.com,Mary,Morrison,ada6bR7,1
769,ralexanderlc@ihg.com,Ronald,Alexander,Uo5UAvbG,6
770,bhillld@dailymotion.com,Bonnie,Hill,ighO6JZRVK,6
771,chayesle@un.org,Carlos,Hayes,Bnxk9Eou,3
772,tgarzalf@blogs.com,Thomas,Garza,rvm54OPb,6
773,rfloreslg@apple.com,Rebecca,Flores,UBGaSt1aCZK,1
774,jkimlh@bbb.org,Jack,Kim,QLNYE60wVgU,5
775,dandersonli@bbc.co.uk,Deborah,Anderson,UZgiRv,3
776,twatkinslj@tinyurl.com,Thomas,Watkins,koQYMfJV,6
777,smendozalk@smh.com.au,Stephen,Mendoza,d9RLWMllV,5
778,aallenll@wordpress.com,Alan,Allen,KzSwgJR27,5
779,jramirezlm@dropbox.com,Juan,Ramirez,WtFqnZmiqx,3
780,tfreemanln@hhs.gov,Teresa,Freeman,Eoh7p841,1
781,jcolelo@census.gov,Janice,Cole,ReVixax,2
782,pmedinalp@youku.com,Peter,Medina,lBzp7U,3
783,kwoodslq@wix.com,Kathy,Woods,JxkPqU,1
784,plynchlr@nydailynews.com,Paula,Lynch,xyg29q,3
785,skingls@themeforest.net,Stephen,King,0Xhy2p6C1BZ,6
786,kgarzalt@nationalgeographic.com,Katherine,Garza,olhaydNhMQkM,2
787,efoxlu@cdc.gov,Edward,Fox,caPe7zhPCq2,5
788,wchavezlv@mashable.com,William,Chavez,d3lEsnB,3
789,lbrookslw@sphinn.com,Linda,Brooks,mWyTZEc,5
790,ctaylorlx@yandex.ru,Charles,Taylor,ya87yCNW9,5
791,chendersonly@gizmodo.com,Charles,Henderson,MqonStX3y5,6
792,aaustinlz@behance.net,Albert,Austin,WrRAY9,4
793,ajohnstonm0@imdb.com,Andrea,Johnston,pmBnLal,2
794,mgardnerm1@uol.com.br,Matthew,Gardner,3utafbGfK,1
795,amitchellm2@weibo.com,Arthur,Mitchell,6lQqQdbXoH,6
796,acunninghamm3@jimdo.com,Angela,Cunningham,0Ystr7fBNsZ,1
797,pharperm4@newyorker.com,Patrick,Harper,XPoxN1AEzs4,1
798,sbanksm5@miibeian.gov.cn,Samuel,Banks,qa89nUw,2
799,kbellm6@squidoo.com,Karen,Bell,KpgGel,4
800,trileym7@hatena.ne.jp,Tina,Riley,eRdLRlZ,3
801,jspencerm8@trellian.com,Jean,Spencer,Jw9vM9fvTCe,3
802,lfranklinm9@blog.com,Lisa,Franklin,4pyOm6wLtj8k,4
803,lcastilloma@qq.com,Lillian,Castillo,7LrFT5LsU8Kn,1
804,acollinsmb@rambler.ru,Albert,Collins,LdtHfDsPnAR,1
805,dwebbmc@utexas.edu,Deborah,Webb,5i7JdwnKRdR2,3
806,jgonzalesmd@blinklist.com,Jeffrey,Gonzales,v7CXat1MTP,2
807,eburnsme@diigo.com,Elizabeth,Burns,GJ20XjsXQ,5
808,tnicholsmf@edublogs.org,Tammy,Nichols,IhWhLMqEFZ,5
809,adavismg@fotki.com,Alice,Davis,jdLGMrGJ8y,4
810,jkennedymh@pagesperso-orange.fr,Jeremy,Kennedy,rauvwmEE,6
811,srobertsmi@jigsy.com,Sean,Roberts,jyEb9BbqfflX,5
812,jperrymj@webeden.co.uk,Joyce,Perry,yEfTJNQpjP,3
813,mhowellmk@livejournal.com,Mary,Howell,aKTOGdB3nrH,1
814,hbutlerml@1688.com,Helen,Butler,V6yrrsAO8oyX,1
815,mlanemm@wikipedia.org,Matthew,Lane,RBN4BTHpxtsN,2
816,tbanksmn@go.com,Todd,Banks,nWVsfZMO9TAz,6
817,twardmo@stanford.edu,Todd,Ward,BGceGdAyVUy,1
818,hpiercemp@pcworld.com,Harold,Pierce,0pUHRcB,5
819,ashawmq@g.co,Anna,Shaw,o5ON5Za,4
820,tfowlermr@economist.com,Timothy,Fowler,XRtw793,6
821,pharveyms@cdc.gov,Pamela,Harvey,IXDadz4zIu,4
822,jhamiltonmt@dedecms.com,Jacqueline,Hamilton,kO4DKt9dIYG,2
823,rwoodmu@mashable.com,Rebecca,Wood,Gne1CaLwp,5
824,mcolemv@weibo.com,Maria,Cole,sU7dsAvHR6d,4
825,vwashingtonmw@networksolutions.com,Victor,Washington,mSJvuq,1
826,jromeromx@etsy.com,Jesse,Romero,HfSrijScc,1
827,khendersonmy@mozilla.org,Karen,Henderson,kOBrvHkrd7J,2
828,kwilliamsmz@hc360.com,Kenneth,Williams,KGIjdzn7,1
829,jreidn0@jalbum.net,James,Reid,AP5VQwySe,2
830,abishopn1@omniture.com,Aaron,Bishop,4hrxt93D64,6
831,bboydn2@usgs.gov,Barbara,Boyd,JqW9XIiqR4UJ,3
832,ckimn3@uol.com.br,Carl,Kim,ieQ99hIIxA,2
833,plittlen4@fda.gov,Patrick,Little,Dohvx1,2
834,chendersonn5@unblog.fr,Charles,Henderson,OV4X1p4cpW,2
835,kgilbertn6@sciencedirect.com,Kevin,Gilbert,5Uz5dYOV0ohB,1
836,jmeyern7@woothemes.com,Jeffrey,Meyer,31fd0ruRP,1
837,jboydn8@discovery.com,Janice,Boyd,9nl4ndKQKzF,3
838,jspencern9@networksolutions.com,Julie,Spencer,BVBz1X4Z,1
839,jmoorena@amazon.com,Jason,Moore,Y9fwGiB,2
840,awilliamsnb@free.fr,Andrea,Williams,jomu8X,3
841,tdeannc@telegraph.co.uk,Thomas,Dean,LonHQHIKJNd,5
842,dgrahamnd@moonfruit.com,Diana,Graham,TluSMayk,2
843,elarsonne@gravatar.com,Edward,Larson,2P2pRL7xDJ1,4
844,bleenf@ca.gov,Brenda,Lee,ICxLDlGUU,5
845,dgonzalezng@marketwatch.com,Dorothy,Gonzalez,7ZIX4xuUuX3d,3
846,hsnydernh@purevolume.com,Harold,Snyder,41f3ox3c,1
847,jjordanni@house.gov,Janice,Jordan,0JgvUQXgl,4
848,ewilsonnj@jalbum.net,Elizabeth,Wilson,4tS2ceIISUVf,6
849,emorrisnk@desdev.cn,Evelyn,Morris,5sgHDBirJ7,6
850,mblacknl@aol.com,Matthew,Black,hiRDyd8eVw8,1
851,kgonzaleznm@blog.com,Kimberly,Gonzalez,Yf7tkYnl1,3
852,mowensnn@miitbeian.gov.cn,Martha,Owens,VV4smWndz,1
853,abrooksno@wufoo.com,Arthur,Brooks,UK53ujjc,3
854,jowensnp@sourceforge.net,Julia,Owens,LCxOvlcj9M,4
855,cmontgomerynq@arizona.edu,Carlos,Montgomery,WEAf9JXH2TV8,2
856,jjacksonnr@aol.com,Jane,Jackson,jZ2JS2goT3Y,6
857,mfisherns@deviantart.com,Michael,Fisher,Z5LFDigm,6
858,solivernt@icq.com,Steven,Oliver,bW9awCu8yID,6
859,eaustinnu@biglobe.ne.jp,Elizabeth,Austin,y83iQaroLW7,1
860,jyoungnv@mozilla.org,James,Young,JPrq8wo4,3
861,jfranklinnw@godaddy.com,Jennifer,Franklin,a1JfWv,6
862,jbishopnx@reddit.com,Johnny,Bishop,kHQi7XCjjjx,4
863,cmurrayny@nasa.gov,Charles,Murray,YoVLEPqv0wK,1
864,dlewisnz@dot.gov,Dorothy,Lewis,cuI4CqVPa,6
865,vcarro0@hibu.com,Victor,Carr,0MZn1K,3
866,lgarciao1@sohu.com,Lisa,Garcia,aiECArTiGl,2
867,bbradleyo2@noaa.gov,Billy,Bradley,27dZk3tzG7,2
868,rkelleyo3@google.co.jp,Rebecca,Kelley,XbauPtU,1
869,jjameso4@redcross.org,Jean,James,vkOP5Ao2,5
870,dbaileyo5@vimeo.com,Douglas,Bailey,57SjAHxAa1e,1
871,chuntero6@nifty.com,Chris,Hunter,mfxEez71m,5
872,hmontgomeryo7@behance.net,Helen,Montgomery,yLo01lO98wR7,6
873,pfowlero8@unicef.org,Pamela,Fowler,aktgUvZ0g,1
874,jmitchello9@bbb.org,John,Mitchell,wixDXy,5
875,lwarrenoa@symantec.com,Louise,Warren,FOxLUP8,1
876,jrobertsonob@bandcamp.com,Joseph,Robertson,NRJBMlX1huNS,6
877,adanielsoc@slate.com,Ann,Daniels,HbHXP0Ek,1
878,escottod@amazon.de,Earl,Scott,J2iTMKP,6
879,jpierceoe@irs.gov,Jimmy,Pierce,XTQ3buWhD5wf,3
880,jpalmerof@macromedia.com,Jacqueline,Palmer,df5hOJVDd3KD,1
881,emarshallog@wix.com,Eric,Marshall,iEXavdxvr,1
882,fmyersoh@baidu.com,Frances,Myers,iptajANSsbbO,6
883,kbarnesoi@mtv.com,Karen,Barnes,KduK6EZ,6
884,awardoj@hugedomains.com,Antonio,Ward,cDEo1s594J,4
885,amartinezok@washingtonpost.com,Antonio,Martinez,7Etm2aNi,3
886,drussellol@slate.com,Debra,Russell,YUq41eoLN,3
887,lclarkom@cyberchimps.com,Linda,Clark,RXqozZ0,1
888,scoxon@joomla.org,Stephen,Cox,LvUhL0b,4
889,cstoneoo@shareasale.com,Carolyn,Stone,fl79Fr,3
890,rbellop@msu.edu,Roger,Bell,38UeAxFd1,6
891,jlawsonoq@freewebs.com,Jessica,Lawson,Vp9B7R,6
892,bhowardor@list-manage.com,Barbara,Howard,JVCDZXZ,5
893,cfloresos@wordpress.com,Chris,Flores,EhbXkcA,2
894,swoodsot@clickbank.net,Steven,Woods,bwrUekcNE,1
895,tgarzaou@bbb.org,Terry,Garza,A2b2xumcC,6
896,jvasquezov@addthis.com,Jonathan,Vasquez,8eoeL95AcHSv,4
897,acastilloow@purevolume.com,Angela,Castillo,5aRQTKUfzY7,1
898,dmeyerox@tripod.com,Dennis,Meyer,N0RlNY4kY,2
899,pchapmanoy@wix.com,Patricia,Chapman,wvoi9WkJTk,4
900,areynoldsoz@myspace.com,Alice,Reynolds,PFobjMhXY,1
901,jwatkinsp0@ebay.co.uk,John,Watkins,QSAPAg9AO1t,1
902,tmendozap1@google.cn,Todd,Mendoza,hXjM2L,6
903,aaustinp2@marketwatch.com,Aaron,Austin,RRr4zX1ePMOx,3
904,clittlep3@mayoclinic.com,Carol,Little,Zl3T7d46,2
905,radamsp4@i2i.jp,Roy,Adams,IXef4awZv4,5
906,csanchezp5@nhs.uk,Charles,Sanchez,SoZcN2W,5
907,clawrencep6@topsy.com,Cynthia,Lawrence,u1lTHQab,1
908,jjacksonp7@diigo.com,Judith,Jackson,fUbANYSf19P,5
909,jdunnp8@com.com,Jane,Dunn,FaIjJAzll8Hv,4
910,jpetersonp9@reverbnation.com,Johnny,Peterson,ajM14k2,5
911,jarnoldpa@army.mil,Julie,Arnold,RfTwMHoA,4
912,portizpb@umich.edu,Paula,Ortiz,gc15LLI,1
913,hyoungpc@squarespace.com,Harry,Young,PNmUzSl,2
914,lowenspd@weebly.com,Lisa,Owens,pXD7bZsfDz,1
915,palvarezpe@infoseek.co.jp,Paula,Alvarez,mYa9oHrb,2
916,jjacksonpf@free.fr,Joe,Jackson,pNIUnLRjHD,5
917,aedwardspg@buzzfeed.com,Arthur,Edwards,JKA13NBC1n,3
918,jhughesph@sciencedirect.com,Janet,Hughes,QiaEUz,6
919,khughespi@oakley.com,Kathryn,Hughes,fQRTNPWJ,5
920,emartinpj@clickbank.net,Emily,Martin,X4br9iecn683,6
921,dphillipspk@disqus.com,David,Phillips,SxOnvyUNYQV,6
922,sbennettpl@rakuten.co.jp,Shirley,Bennett,EM53sAKgy,4
923,candrewspm@cisco.com,Chris,Andrews,co4AORB2,3
924,rwatkinspn@youtu.be,Rebecca,Watkins,brJiaX2,3
925,chillpo@theatlantic.com,Catherine,Hill,KQ2hcQHMl,6
926,jcolepp@addtoany.com,Joseph,Cole,ZNsO0C,1
927,nsanchezpq@columbia.edu,Nancy,Sanchez,vwcAOFWKO,1
928,nshawpr@indiegogo.com,Nicole,Shaw,ws9CHzudtYa,4
929,awallaceps@hexun.com,Aaron,Wallace,s5ZrT7j1H5,4
930,jsnyderpt@usnews.com,John,Snyder,VVkZOM6,6
931,mgeorgepu@wp.com,Matthew,George,6NEBAgP,4
932,rthomaspv@army.mil,Richard,Thomas,n0fFyH,6
933,abennettpw@state.tx.us,Alan,Bennett,3g4oou,2
934,wmartinpx@salon.com,William,Martin,GNuCryaZHQf,2
935,bhuntpy@archive.org,Billy,Hunt,N86SibeQ9,5
936,pbowmanpz@devhub.com,Peter,Bowman,kWixAabma,5
937,pwoodq0@sina.com.cn,Philip,Wood,V8DULHCfgU,5
938,jroseq1@bloomberg.com,Jason,Rose,KstfooFhAa,5
939,dlarsonq2@wordpress.org,Dorothy,Larson,Y9NrFIBjcP,1
940,nfrazierq3@wikimedia.org,Nicholas,Frazier,G9wPEFTu3oK,6
941,bwoodsq4@guardian.co.uk,Billy,Woods,F5TnvZv,6
942,kjacobsq5@latimes.com,Kevin,Jacobs,AvKwY1j,1
943,lnicholsq6@usatoday.com,Lisa,Nichols,8AK2o3edl1d4,6
944,jperkinsq7@51.la,Johnny,Perkins,Uo8G1j,2
945,ewoodq8@alibaba.com,Emily,Wood,epLgJjRBPT,6
946,lschmidtq9@upenn.edu,Lawrence,Schmidt,4ioUCd4u,1
947,llongqa@opensource.org,Louis,Long,bFd53ubPCbF,3
948,rmeyerqb@de.vu,Ruby,Meyer,NVFSXiqvJ0Js,5
949,cbrownqc@soundcloud.com,Christina,Brown,4iyia0ni,1
950,aschmidtqd@lycos.com,Andrew,Schmidt,xHnTXQy,3
951,toliverqe@jalbum.net,Theresa,Oliver,jLCjt6bepnsI,4
952,schavezqf@loc.gov,Scott,Chavez,UAH0Lyt,5
953,eweaverqg@studiopress.com,Evelyn,Weaver,5VwraML,3
954,jcastilloqh@cloudflare.com,Joyce,Castillo,7XLDD1,2
955,wkimqi@ocn.ne.jp,Wanda,Kim,x88I4KjnoOjO,1
956,thillqj@mac.com,Tina,Hill,qJF7Yn,4
957,jwestqk@squidoo.com,Jimmy,West,alWyUe,1
958,jgrahamql@go.com,Jacqueline,Graham,GQ7A8ONPyxi,6
959,lfosterqm@google.com.au,Linda,Foster,3BdRu2Ohu,2
960,jarnoldqn@seattletimes.com,Joshua,Arnold,LsgRa80,5
961,bhansonqo@slideshare.net,Brenda,Hanson,nUaykJA7yGqf,6
962,cmillsqp@ocn.ne.jp,Cynthia,Mills,4uMfI4,2
963,rdeanqq@livejournal.com,Ruby,Dean,kpAnYLf8kRg,3
964,rgeorgeqr@techcrunch.com,Ruby,George,OD1hZGNtT,2
965,lwagnerqs@wp.com,Larry,Wagner,Lm4SDP703L,4
966,clarsonqt@phpbb.com,Carolyn,Larson,AB8VvgpXHQm,5
967,jgrahamqu@ning.com,Joyce,Graham,FdIckPOwx,6
968,jreidqv@godaddy.com,Jimmy,Reid,WrSi54tYw9,5
969,kgutierrezqw@homestead.com,Kimberly,Gutierrez,5mkdZezBBciJ,2
970,jhamiltonqx@theglobeandmail.com,Jean,Hamilton,JQ1aPG,3
971,gkellyqy@paginegialle.it,Gary,Kelly,kW6DUrI,5
972,ccrawfordqz@hhs.gov,Carol,Crawford,4kcdsD,2
973,tduncanr0@digg.com,Theresa,Duncan,Qf51Om,2
974,palvarezr1@com.com,Pamela,Alvarez,iSZNyZh,5
975,mmartinezr2@berkeley.edu,Martha,Martinez,vzDz19GjOh,2
976,badamsr3@seesaa.net,Bobby,Adams,y9HfX3VRttUq,3
977,hreynoldsr4@oakley.com,Helen,Reynolds,KPZfgVyOc9,1
978,jfoxr5@noaa.gov,Joe,Fox,gP5VGTcQgnt,4
979,abaileyr6@huffingtonpost.com,Albert,Bailey,AePTYsmuJkQ8,3
980,lreynoldsr7@china.com.cn,Linda,Reynolds,q7tktz55,2
981,atorresr8@ucoz.ru,Antonio,Torres,CXE6Uzbr,2
982,achapmanr9@t.co,Ann,Chapman,23IjiKh05,6
983,jblackra@blog.com,Janet,Black,T5L5l0d,1
984,jbishoprb@posterous.com,Jonathan,Bishop,2kDvhWULl,5
985,driverarc@princeton.edu,Donald,Rivera,Qq7UDZp,3
986,sbradleyrd@shareasale.com,Shirley,Bradley,WQpMWgEnpo,5
987,scolere@state.tx.us,Samuel,Cole,zeZJvezreZ,2
988,mporterrf@timesonline.co.uk,Marilyn,Porter,f3PPOaLuH4f,5
989,lsimmonsrg@chicagotribune.com,Louis,Simmons,jwFMuKovt,3
990,ckingrh@mlb.com,Chris,King,iXhWEf,5
991,bhansenri@opensource.org,Benjamin,Hansen,SgniBk,3
992,kreedrj@purevolume.com,Kevin,Reed,CamtSeQav,1
993,iwagnerrk@illinois.edu,Irene,Wagner,K3pfsqqZyDI,3
994,fphillipsrl@ibm.com,Frank,Phillips,jnnPkh,1
995,scoxrm@cargocollective.com,Steve,Cox,jWNpoJ6,3
996,toliverrn@joomla.org,Thomas,Oliver,FzqjPu,5
997,kburtonro@studiopress.com,Kimberly,Burton,GrWATQyfDQl,6
998,jburtonrp@cdc.gov,Jesse,Burton,7WBfWfGUWDJt,6
999,karnoldrq@pcworld.com,Kelly,Arnold,1ZCd7LKkRLs,2
1000,bkelleyrr@zdnet.com,Barbara,Kelley,Lhg223asB0Jl,1
